-- phpMyAdmin SQL Dump
-- version 5.2.1
-- https://www.phpmyadmin.net/
--
-- Host: localhost:8889
-- Generation Time: Jun 26, 2026 at 04:36 PM
-- Server version: 8.0.40
-- PHP Version: 8.3.14

SET SQL_MODE = "NO_AUTO_VALUE_ON_ZERO";
START TRANSACTION;
SET time_zone = "+00:00";


/*!40101 SET @OLD_CHARACTER_SET_CLIENT=@@CHARACTER_SET_CLIENT */;
/*!40101 SET @OLD_CHARACTER_SET_RESULTS=@@CHARACTER_SET_RESULTS */;
/*!40101 SET @OLD_COLLATION_CONNECTION=@@COLLATION_CONNECTION */;
/*!40101 SET NAMES utf8mb4 */;

--
-- Database: `skilltrack`
--

--
-- Dumping data for table `activity_log`
--

INSERT INTO `activity_log` (`id`, `user_id`, `action_type`, `entity_type`, `entity_id`, `created_at`) VALUES
(1, 1, 'JOB_ANALYZED', 'job', NULL, '2026-03-17 20:36:50'),
(2, 1, 'JOB_ANALYZED', 'job', NULL, '2026-03-17 20:37:15'),
(3, 1, 'JOB_SAVED', 'job', 4, '2026-03-17 20:37:22'),
(4, 1, 'JOB_SAVED', 'job', 5, '2026-03-17 20:37:25'),
(5, 1, 'JOB_ANALYZED', 'job', NULL, '2026-03-17 20:38:15'),
(6, 1, 'JOB_SAVED', 'job', 6, '2026-03-17 20:38:18'),
(7, 1, 'JOB_ANALYZED', 'job', NULL, '2026-03-17 20:38:51'),
(8, 1, 'JOB_SAVED', 'job', 7, '2026-03-17 20:38:54'),
(9, 1, 'SKILL_DELETED', 'skill', 8, '2026-03-17 20:39:04'),
(10, 1, 'SKILL_DELETED', 'skill', 7, '2026-03-17 20:39:06'),
(11, 1, 'SKILL_DELETED', 'skill', 12, '2026-03-17 20:39:11'),
(12, 1, 'SKILL_ADDED', 'skill', 12, '2026-03-17 20:42:02'),
(13, 1, 'SKILL_DELETED', 'skill', 12, '2026-03-17 20:42:11'),
(14, 1, 'SKILL_DELETED', 'skill', 6, '2026-03-17 20:42:13'),
(15, 1, 'SKILL_DELETED', 'skill', 5, '2026-03-17 20:42:19'),
(16, 1, 'SKILL_ADDED', 'skill', 5, '2026-03-17 20:49:52'),
(17, 1, 'SKILL_ADDED', 'skill', 6, '2026-03-17 20:49:53'),
(18, 1, 'ROADMAP_CREATED', 'roadmap', 3, '2026-03-17 20:50:00'),
(19, 1, 'ROADMAP_CREATED', 'roadmap', 4, '2026-03-17 20:50:03'),
(20, 1, 'ROADMAP_CREATED', 'roadmap', 5, '2026-03-17 20:50:05'),
(21, 1, 'ROADMAP_STEP_DONE', 'roadmap_step', 15, '2026-03-17 20:50:20'),
(22, 1, 'ROADMAP_STEP_DONE', 'roadmap_step', 15, '2026-03-17 20:50:24'),
(23, 1, 'JOB_ANALYZED', 'job', NULL, '2026-03-20 09:55:57'),
(24, 1, 'JOB_SAVED', 'job', 8, '2026-03-20 09:56:09'),
(25, 1, 'ROADMAP_CREATED', 'roadmap', 6, '2026-03-20 09:56:30'),
(26, 1, 'JOB_ANALYZED', 'job', NULL, '2026-03-20 10:05:57'),
(27, 1, 'JOB_SAVED', 'job', 9, '2026-03-20 10:06:01'),
(28, 1, 'ROADMAP_STEP_DONE', 'roadmap_step', 17, '2026-03-20 10:06:33'),
(29, 1, 'ROADMAP_STEP_DONE', 'roadmap_step', 17, '2026-03-20 10:06:36'),
(30, 1, 'ROADMAP_STEP_DONE', 'roadmap_step', 17, '2026-03-20 10:06:38'),
(31, 1, 'ROADMAP_STEP_DONE', 'roadmap_step', 18, '2026-03-20 10:06:41'),
(32, 1, 'SKILL_ADDED', 'skill', 8, '2026-03-20 10:07:03'),
(33, 1, 'ROADMAP_CREATED', 'roadmap', 7, '2026-03-20 10:07:21'),
(34, 1, 'JOB_ANALYZED', 'job', NULL, '2026-03-20 10:19:59'),
(35, 1, 'JOB_SAVED', 'job', 10, '2026-03-20 10:20:03'),
(36, 1, 'JOB_ANALYZED', 'job', NULL, '2026-03-20 10:33:23'),
(37, 1, 'JOB_SAVED', 'job', 11, '2026-03-20 10:33:28'),
(38, 1, 'JOB_ANALYZED', 'job', NULL, '2026-03-20 10:35:58'),
(39, 1, 'JOB_SAVED', 'job', 12, '2026-03-20 10:36:01'),
(40, 1, 'ROADMAP_CREATED', 'roadmap', 8, '2026-03-20 10:37:54'),
(41, 1, 'ROADMAP_STEP_DONE', 'roadmap_step', 53, '2026-03-20 10:39:25'),
(42, 1, 'ROADMAP_STEP_DONE', 'roadmap_step', 54, '2026-03-20 10:39:29'),
(43, 1, 'SKILL_ADDED', 'skill', 11, '2026-03-20 10:40:27'),
(44, 1, 'JOB_ANALYZED', 'job', NULL, '2026-03-20 11:15:35'),
(45, 1, 'JOB_SAVED', 'job', 13, '2026-03-20 11:15:37'),
(46, 1, 'JOB_ANALYZED', 'job', NULL, '2026-03-20 11:20:26'),
(47, 1, 'JOB_SAVED', 'job', 14, '2026-03-20 11:20:29'),
(48, 1, 'ROADMAP_CREATED', 'roadmap', 9, '2026-03-20 11:21:11'),
(49, 1, 'ROADMAP_STEP_DONE', 'roadmap_step', 83, '2026-03-20 11:21:20'),
(50, 1, 'ROADMAP_STEP_DONE', 'roadmap_step', 84, '2026-03-20 11:21:22'),
(51, 1, 'ROADMAP_STEP_DONE', 'roadmap_step', 85, '2026-03-20 11:22:00'),
(52, 1, 'ROADMAP_STEP_DONE', 'roadmap_step', 86, '2026-03-20 11:22:02'),
(53, 1, 'JOB_ANALYZED', 'job', NULL, '2026-03-20 11:40:56'),
(54, 1, 'JOB_SAVED', 'job', 15, '2026-03-20 11:41:17'),
(55, 1, 'JOB_SAVED', 'job', 16, '2026-03-20 11:41:50'),
(56, 1, 'ROADMAP_CREATED', 'roadmap', 10, '2026-03-20 11:50:51'),
(57, 1, 'ROADMAP_STEP_DONE', 'roadmap_step', 112, '2026-03-20 12:15:53'),
(58, 1, 'ROADMAP_STEP_DONE', 'roadmap_step', 113, '2026-03-20 12:15:54'),
(59, 1, 'ROADMAP_STEP_DONE', 'roadmap_step', 111, '2026-03-20 12:16:13'),
(60, 1, 'ROADMAP_STEP_DONE', 'roadmap_step', 112, '2026-03-20 12:16:16'),
(61, 1, 'ROADMAP_STEP_DONE', 'roadmap_step', 112, '2026-03-20 12:16:17'),
(62, 1, 'ROADMAP_STEP_DONE', 'roadmap_step', 111, '2026-03-20 12:16:18'),
(63, 1, 'ROADMAP_STEP_DONE', 'roadmap_step', 111, '2026-03-20 12:40:06'),
(64, 1, 'SKILL_ADDED', 'skill', 17, '2026-03-20 12:40:09'),
(65, 1, 'ROADMAP_STEP_DONE', 'roadmap_step', 113, '2026-03-20 12:40:12'),
(66, 1, 'ROADMAP_STEP_DONE', 'roadmap_step', 113, '2026-03-20 12:40:15'),
(67, 1, 'ROADMAP_STEP_DONE', 'roadmap_step', 114, '2026-03-20 12:40:16'),
(68, 1, 'SKILL_ADDED', 'skill', 18, '2026-03-20 12:40:18'),
(69, 1, 'ROADMAP_STEP_DONE', 'roadmap_step', 115, '2026-03-20 12:40:21'),
(70, 1, 'ROADMAP_STEP_DONE', 'roadmap_step', 116, '2026-03-20 12:40:22'),
(71, 1, 'SKILL_ADDED', 'skill', 19, '2026-03-20 12:40:26'),
(72, 1, 'ROADMAP_STEP_DONE', 'roadmap_step', 118, '2026-03-20 12:40:29'),
(73, 1, 'ROADMAP_STEP_DONE', 'roadmap_step', 117, '2026-03-20 12:40:30'),
(74, 1, 'SKILL_ADDED', 'skill', 20, '2026-03-20 12:40:32'),
(75, 1, 'ROADMAP_STEP_DONE', 'roadmap_step', 15, '2026-03-20 14:40:39'),
(76, 1, 'ROADMAP_STEP_DONE', 'roadmap_step', 15, '2026-03-20 14:40:40'),
(77, 1, 'ROADMAP_STEP_DONE', 'roadmap_step', 16, '2026-03-20 14:40:42'),
(78, 1, 'SKILL_ADDED', 'skill', 7, '2026-03-20 14:40:46'),
(79, 1, 'SKILL_ADDED', 'skill', 22, '2026-03-20 15:10:59'),
(80, 1, 'SKILL_ADDED', 'skill', 30, '2026-03-20 15:33:07'),
(81, 1, 'ROADMAP_STEP_DONE', 'roadmap_step', 111, '2026-03-20 15:51:18'),
(82, 1, 'ROADMAP_STEP_DONE', 'roadmap_step', 111, '2026-03-20 15:51:27'),
(83, 1, 'ROADMAP_STEP_DONE', 'roadmap_step', 112, '2026-03-20 15:51:31'),
(84, 1, 'ROADMAP_STEP_DONE', 'roadmap_step', 119, '2026-03-20 15:54:06'),
(85, 1, 'ROADMAP_STEP_DONE', 'roadmap_step', 120, '2026-03-20 15:54:10'),
(86, 1, 'SKILL_ADDED', 'skill', 21, '2026-03-20 15:54:11'),
(87, 1, 'JOB_ANALYZED', 'job', NULL, '2026-03-20 18:25:59'),
(88, 1, 'JOB_SAVED', 'job', 17, '2026-03-20 18:26:11'),
(89, 1, 'SKILL_ADDED', 'skill', 12, '2026-03-20 18:26:57'),
(90, 1, 'ROADMAP_STEP_DONE', 'roadmap_step', 15, '2026-03-20 18:28:05'),
(91, 1, 'SKILL_ADDED', 'skill', 25, '2026-03-20 18:31:29'),
(92, 1, 'SKILL_ADDED', 'skill', 33, '2026-03-20 18:31:44'),
(93, 1, 'SKILL_DELETED', 'skill', 30, '2026-03-25 08:37:17'),
(94, 1, 'SKILL_DELETED', 'skill', 12, '2026-03-25 08:37:22'),
(95, 1, 'SKILL_DELETED', 'skill', 18, '2026-03-25 08:37:32'),
(96, 1, 'SKILL_DELETED', 'skill', 13, '2026-03-25 08:37:34'),
(97, 1, 'SKILL_DELETED', 'skill', 20, '2026-03-25 08:37:37'),
(98, 1, 'SKILL_DELETED', 'skill', 19, '2026-03-25 08:37:39'),
(99, 1, 'SKILL_DELETED', 'skill', 17, '2026-03-25 08:37:41'),
(100, 1, 'SKILL_DELETED', 'skill', 21, '2026-03-25 08:37:44'),
(101, 1, 'SKILL_DELETED', 'skill', 33, '2026-03-25 08:37:47'),
(102, 1, 'SKILL_DELETED', 'skill', 15, '2026-03-25 08:37:49'),
(103, 1, 'SKILL_DELETED', 'skill', 1, '2026-03-25 08:37:51'),
(104, 1, 'SKILL_DELETED', 'skill', 22, '2026-03-25 08:37:56'),
(105, 1, 'SKILL_DELETED', 'skill', 3, '2026-03-25 08:37:58'),
(106, 1, 'SKILL_DELETED', 'skill', 2, '2026-03-25 08:38:00'),
(107, 1, 'SKILL_DELETED', 'skill', 4, '2026-03-25 08:38:02'),
(108, 1, 'SKILL_DELETED', 'skill', 6, '2026-03-25 08:38:04'),
(109, 1, 'SKILL_DELETED', 'skill', 11, '2026-03-25 08:38:05'),
(110, 1, 'SKILL_DELETED', 'skill', 25, '2026-03-25 08:38:07'),
(111, 1, 'SKILL_DELETED', 'skill', 7, '2026-03-25 08:38:10'),
(112, 1, 'SKILL_DELETED', 'skill', 5, '2026-03-25 08:38:12'),
(113, 1, 'SKILL_DELETED', 'skill', 8, '2026-03-25 08:38:14'),
(114, 1, 'SKILL_ADDED', 'skill', 1, '2026-03-25 08:38:39'),
(115, 1, 'SKILL_ADDED', 'skill', 4, '2026-03-25 08:38:40'),
(116, 1, 'SKILL_ADDED', 'skill', 5, '2026-03-25 08:38:41'),
(117, 1, 'SKILL_ADDED', 'skill', 6, '2026-03-25 08:38:41'),
(118, 1, 'SKILL_ADDED', 'skill', 7, '2026-03-25 08:38:42'),
(119, 1, 'SKILL_ADDED', 'skill', 12, '2026-03-25 08:38:43'),
(120, 1, 'SKILL_ADDED', 'skill', 13, '2026-03-25 08:38:44'),
(121, 1, 'SKILL_ADDED', 'skill', 22, '2026-03-25 08:38:45'),
(122, 1, 'SKILL_ADDED', 'skill', 30, '2026-03-25 08:38:46'),
(123, 1, 'JOB_ANALYZED', 'job', NULL, '2026-03-25 08:41:55'),
(124, 1, 'JOB_SAVED', 'job', 18, '2026-03-25 08:43:15'),
(125, 1, 'JOB_ANALYZED', 'job', NULL, '2026-03-25 08:54:50'),
(126, 1, 'JOB_SAVED', 'job', 19, '2026-03-25 08:54:53'),
(127, 1, 'ROADMAP_CREATED', 'roadmap', 16, '2026-03-25 09:01:10'),
(128, 1, 'ROADMAP_CREATED', 'roadmap', 17, '2026-03-25 09:02:38'),
(129, 1, 'SKILL_DELETED', 'skill', 30, '2026-03-25 09:02:50'),
(130, 1, 'SKILL_DELETED', 'skill', 6, '2026-03-25 09:02:52'),
(131, 1, 'SKILL_DELETED', 'skill', 12, '2026-03-25 09:02:54'),
(132, 1, 'SKILL_DELETED', 'skill', 7, '2026-03-25 09:02:56'),
(133, 1, 'SKILL_DELETED', 'skill', 5, '2026-03-25 09:02:58'),
(134, 1, 'SKILL_DELETED', 'skill', 4, '2026-03-25 09:03:02'),
(135, 1, 'SKILL_DELETED', 'skill', 22, '2026-03-25 09:03:05'),
(136, 1, 'SKILL_DELETED', 'skill', 1, '2026-03-25 09:03:07'),
(137, 1, 'SKILL_DELETED', 'skill', 13, '2026-03-25 09:03:10'),
(138, 1, 'JOB_ANALYZED', 'job', NULL, '2026-03-25 09:24:40'),
(139, 1, 'JOB_SAVED', 'job', 20, '2026-03-25 09:24:43'),
(140, 1, 'SKILL_ADDED', 'skill', 1, '2026-03-25 09:25:04'),
(141, 1, 'SKILL_ADDED', 'skill', 4, '2026-03-25 09:25:05'),
(142, 1, 'SKILL_ADDED', 'skill', 5, '2026-03-25 09:25:06'),
(143, 1, 'SKILL_ADDED', 'skill', 6, '2026-03-25 09:25:07'),
(144, 1, 'SKILL_ADDED', 'skill', 7, '2026-03-25 09:25:07'),
(145, 1, 'SKILL_ADDED', 'skill', 12, '2026-03-25 09:25:08'),
(146, 1, 'SKILL_ADDED', 'skill', 13, '2026-03-25 09:25:09'),
(147, 1, 'SKILL_ADDED', 'skill', 22, '2026-03-25 09:25:09'),
(148, 1, 'SKILL_ADDED', 'skill', 30, '2026-03-25 09:25:10'),
(149, 1, 'SKILL_ADDED', 'skill', 40, '2026-03-25 09:25:11'),
(150, 1, 'SKILL_ADDED', 'skill', 41, '2026-03-25 09:25:11'),
(151, 1, 'ROADMAP_CREATED', 'roadmap', 18, '2026-03-25 09:25:25'),
(152, 1, 'ROADMAP_STEP_DONE', 'roadmap_step', 155, '2026-03-25 09:25:31'),
(153, 1, 'JOB_ANALYZED', 'job', NULL, '2026-03-25 10:02:46'),
(154, 1, 'JOB_ANALYZED', 'job', NULL, '2026-03-25 10:04:00'),
(155, 1, 'JOB_ANALYZED', 'job', NULL, '2026-03-25 10:08:54'),
(156, 1, 'JOB_SAVED', 'job', 21, '2026-03-25 10:08:57'),
(157, 1, 'ROADMAP_CREATED', 'roadmap', 19, '2026-03-25 10:09:11'),
(158, 1, 'SKILL_DELETED', 'skill', 30, '2026-03-25 10:10:44'),
(159, 1, 'SKILL_DELETED', 'skill', 12, '2026-03-25 10:10:46'),
(160, 1, 'SKILL_DELETED', 'skill', 6, '2026-03-25 10:10:48'),
(161, 1, 'SKILL_DELETED', 'skill', 40, '2026-03-25 10:10:50'),
(162, 1, 'SKILL_DELETED', 'skill', 7, '2026-03-25 10:10:53'),
(163, 1, 'SKILL_DELETED', 'skill', 5, '2026-03-25 10:10:56'),
(164, 1, 'SKILL_DELETED', 'skill', 4, '2026-03-25 10:10:57'),
(165, 1, 'SKILL_DELETED', 'skill', 22, '2026-03-25 10:11:00'),
(166, 1, 'SKILL_DELETED', 'skill', 41, '2026-03-25 10:11:02'),
(167, 1, 'SKILL_DELETED', 'skill', 1, '2026-03-25 10:11:04'),
(168, 1, 'SKILL_DELETED', 'skill', 13, '2026-03-25 10:11:07'),
(169, 1, 'JOB_ANALYZED', 'job', NULL, '2026-03-25 11:18:44'),
(170, 1, 'SKILL_ADDED', 'skill', 1, '2026-03-25 11:24:13'),
(171, 1, 'SKILL_ADDED', 'skill', 4, '2026-03-25 11:24:14'),
(172, 1, 'SKILL_ADDED', 'skill', 5, '2026-03-25 11:24:15'),
(173, 1, 'SKILL_ADDED', 'skill', 6, '2026-03-25 11:24:16'),
(174, 1, 'SKILL_ADDED', 'skill', 7, '2026-03-25 11:24:16'),
(175, 1, 'SKILL_ADDED', 'skill', 12, '2026-03-25 11:24:17'),
(176, 1, 'SKILL_ADDED', 'skill', 13, '2026-03-25 11:24:18'),
(177, 1, 'SKILL_ADDED', 'skill', 22, '2026-03-25 11:24:18'),
(178, 1, 'SKILL_ADDED', 'skill', 30, '2026-03-25 11:24:19'),
(179, 1, 'SKILL_ADDED', 'skill', 40, '2026-03-25 11:24:20'),
(180, 1, 'SKILL_ADDED', 'skill', 41, '2026-03-25 11:24:21'),
(181, 1, 'JOB_ANALYZED', 'job', NULL, '2026-03-25 11:25:06'),
(182, 1, 'JOB_SAVED', 'job', 22, '2026-03-25 11:25:33'),
(183, 1, 'ROADMAP_CREATED', 'roadmap', 20, '2026-03-25 11:25:47'),
(184, 1, 'ROADMAP_STEP_DONE', 'roadmap_step', 183, '2026-03-25 11:26:12'),
(185, 1, 'ROADMAP_STEP_DONE', 'roadmap_step', 184, '2026-03-25 11:26:18'),
(186, 1, 'SKILL_ADDED', 'skill', 36, '2026-03-25 11:26:36'),
(187, 1, 'SKILL_ADDED', 'skill', 16, '2026-03-25 11:30:30'),
(188, 1, 'JOB_ANALYZED', 'job', NULL, '2026-03-25 11:38:39'),
(189, 1, 'JOB_SAVED', 'job', 23, '2026-03-25 11:38:45'),
(190, 1, 'ROADMAP_CREATED', 'roadmap', 21, '2026-03-25 11:39:16'),
(191, 1, 'ROADMAP_STEP_DONE', 'roadmap_step', 187, '2026-03-25 11:39:25'),
(192, 1, 'ROADMAP_STEP_DONE', 'roadmap_step', 188, '2026-03-25 11:39:44'),
(193, 1, 'SKILL_ADDED', 'skill', 8, '2026-03-25 11:39:46'),
(194, 1, 'SKILL_UPDATED', 'skill', 8, '2026-03-25 11:40:00'),
(195, 1, 'SKILL_UPDATED', 'skill', 8, '2026-03-25 11:40:02'),
(196, 1, 'SKILL_DELETED', 'skill', 12, '2026-03-31 11:03:52'),
(197, 1, 'CV_IMPORTED', 'cv', NULL, '2026-03-31 11:04:12'),
(198, 1, 'CV_IMPORTED', 'cv', NULL, '2026-03-31 11:04:34'),
(199, 1, 'SKILL_DELETED', 'skill', 30, '2026-03-31 11:04:48'),
(200, 1, 'SKILL_DELETED', 'skill', 40, '2026-03-31 11:04:49'),
(201, 1, 'SKILL_DELETED', 'skill', 7, '2026-03-31 11:04:49'),
(202, 1, 'SKILL_DELETED', 'skill', 5, '2026-03-31 11:04:50'),
(203, 1, 'SKILL_DELETED', 'skill', 4, '2026-03-31 11:04:51'),
(204, 1, 'SKILL_DELETED', 'skill', 8, '2026-03-31 11:04:53'),
(205, 1, 'CV_IMPORTED', 'cv', NULL, '2026-03-31 11:05:10'),
(206, 1, 'CV_APPLIED', 'cv', NULL, '2026-03-31 11:17:47'),
(207, 1, 'SKILL_ADDED', 'skill', 4, '2026-03-31 11:24:30'),
(208, 1, 'CV_APPLIED', 'cv', NULL, '2026-03-31 11:24:44'),
(209, 1, 'JOB_ANALYZED', 'job', NULL, '2026-03-31 12:03:06'),
(210, 1, 'JOB_SAVED', 'job', 24, '2026-03-31 12:03:11'),
(211, 1, 'JOB_ANALYZED', 'job', NULL, '2026-03-31 12:03:33'),
(212, 1, 'JOB_SAVED', 'job', 25, '2026-03-31 12:03:38'),
(213, 1, 'ROADMAP_CREATED', 'roadmap', 22, '2026-03-31 12:07:20'),
(214, 1, 'ROADMAP_STEP_DONE', 'roadmap_step', 211, '2026-03-31 12:07:30'),
(215, 1, 'ROADMAP_STEP_DONE', 'roadmap_step', 212, '2026-03-31 12:07:32'),
(216, 1, 'SKILL_ADDED', 'skill', 8, '2026-03-31 12:07:33'),
(217, 1, 'ROADMAP_CREATED', 'roadmap', 23, '2026-03-31 12:10:16'),
(218, 1, 'ROADMAP_STEP_DONE', 'roadmap_step', 239, '2026-03-31 12:10:23'),
(219, 1, 'ROADMAP_STEP_DONE', 'roadmap_step', 240, '2026-03-31 12:10:24'),
(220, 1, 'SKILL_ADDED', 'skill', 11, '2026-03-31 12:10:26'),
(221, 1, 'ROADMAP_STEP_DONE', 'roadmap_step', 241, '2026-03-31 12:17:46'),
(222, 1, 'ROADMAP_STEP_DONE', 'roadmap_step', 242, '2026-03-31 12:17:47'),
(223, 1, 'SKILL_ADDED', 'skill', 19, '2026-03-31 12:17:49'),
(224, 1, 'JOB_ANALYZED', 'job', NULL, '2026-03-31 14:58:48'),
(225, 1, 'JOB_SAVED', 'job', 26, '2026-03-31 14:59:21'),
(226, 1, 'JOB_ANALYZED', 'job', NULL, '2026-03-31 15:20:30'),
(227, 1, 'JOB_SAVED', 'job', 27, '2026-03-31 15:20:44'),
(228, 1, 'ROADMAP_CREATED', 'roadmap', 24, '2026-03-31 15:21:23'),
(229, 1, 'JOB_ANALYZED', 'job', NULL, '2026-03-31 15:27:15'),
(230, 1, 'JOB_SAVED', 'job', 28, '2026-03-31 15:27:23'),
(231, 1, 'ROADMAP_CREATED', 'roadmap', 25, '2026-03-31 15:27:33'),
(232, 1, 'JOB_ANALYZED', 'job', NULL, '2026-03-31 15:33:02'),
(233, 1, 'JOB_SAVED', 'job', 29, '2026-03-31 15:33:16'),
(234, 1, 'ROADMAP_CREATED', 'roadmap', 26, '2026-03-31 15:33:37'),
(235, 1, 'ROADMAP_CREATED', 'roadmap', 27, '2026-03-31 15:34:54'),
(236, 1, 'ROADMAP_STEP_DONE', 'roadmap_step', 287, '2026-03-31 15:39:09'),
(237, 1, 'ROADMAP_STEP_DONE', 'roadmap_step', 287, '2026-03-31 15:39:09'),
(238, 1, 'ROADMAP_STEP_DONE', 'roadmap_step', 288, '2026-03-31 15:39:10'),
(239, 1, 'SKILL_ADDED', 'skill', 29, '2026-03-31 15:39:12'),
(240, 1, 'ROADMAP_STEP_DONE', 'roadmap_step', 291, '2026-03-31 16:00:56'),
(241, 1, 'ROADMAP_STEP_DONE', 'roadmap_step', 292, '2026-03-31 16:00:57'),
(242, 1, 'SKILL_ADDED', 'skill', 44, '2026-03-31 16:00:58'),
(243, 1, 'ROADMAP_STEP_DONE', 'roadmap_step', 289, '2026-03-31 16:03:36'),
(244, 1, 'ROADMAP_STEP_DONE', 'roadmap_step', 290, '2026-03-31 16:03:38'),
(245, 1, 'SKILL_ADDED', 'skill', 43, '2026-03-31 16:03:39'),
(246, 1, 'ROADMAP_STEP_DONE', 'roadmap_step', 293, '2026-03-31 16:03:46'),
(247, 1, 'ROADMAP_STEP_DONE', 'roadmap_step', 293, '2026-03-31 16:03:51'),
(248, 1, 'ROADMAP_STEP_DONE', 'roadmap_step', 294, '2026-03-31 16:03:54'),
(249, 1, 'SKILL_ADDED', 'skill', 45, '2026-03-31 16:03:55'),
(250, 1, 'ROADMAP_STEP_DONE', 'roadmap_step', 243, '2026-03-31 16:08:42'),
(251, 1, 'ROADMAP_STEP_DONE', 'roadmap_step', 261, '2026-03-31 16:08:53'),
(252, 1, 'ROADMAP_STEP_DONE', 'roadmap_step', 262, '2026-03-31 16:08:55'),
(253, 1, 'ROADMAP_STEP_DONE', 'roadmap_step', 251, '2026-03-31 16:12:44'),
(254, 1, 'ROADMAP_STEP_DONE', 'roadmap_step', 252, '2026-03-31 16:12:46'),
(255, 1, 'ROADMAP_STEP_DONE', 'roadmap_step', 259, '2026-03-31 16:14:19'),
(256, 1, 'ROADMAP_STEP_DONE', 'roadmap_step', 260, '2026-03-31 16:14:20'),
(257, 1, 'ROADMAP_STEP_DONE', 'roadmap_step', 257, '2026-03-31 16:14:29'),
(258, 1, 'ROADMAP_STEP_DONE', 'roadmap_step', 258, '2026-03-31 16:14:31'),
(259, 1, 'ROADMAP_STEP_DONE', 'roadmap_step', 253, '2026-03-31 16:17:16'),
(260, 1, 'ROADMAP_STEP_DONE', 'roadmap_step', 254, '2026-03-31 16:17:18'),
(261, 1, 'SKILL_ADDED', 'skill', 31, '2026-03-31 16:17:22'),
(262, 1, 'ROADMAP_STEP_DONE', 'roadmap_step', 244, '2026-03-31 16:17:33'),
(263, 1, 'SKILL_ADDED', 'skill', 20, '2026-03-31 16:17:34'),
(264, 1, 'ROADMAP_STEP_DONE', 'roadmap_step', 263, '2026-04-01 07:22:04'),
(265, 1, 'ROADMAP_STEP_DONE', 'roadmap_step', 264, '2026-04-01 07:22:05'),
(266, 1, 'SKILL_ADDED', 'skill', 47, '2026-04-01 07:22:08'),
(267, 1, 'JOB_ANALYZED', 'job', NULL, '2026-04-03 12:24:48'),
(268, 1, 'JOB_SAVED', 'job', 30, '2026-04-03 12:25:20'),
(269, 1, 'SKILL_ADDED', 'skill', 42, '2026-04-03 12:31:02'),
(270, 1, 'ROADMAP_CREATED', 'roadmap', 28, '2026-04-03 12:39:40'),
(271, 1, 'ROADMAP_CREATED', 'roadmap', 29, '2026-04-03 12:41:07'),
(272, 1, 'ROADMAP_STEP_DONE', 'roadmap_step', 303, '2026-04-03 13:14:42'),
(273, 1, 'ROADMAP_STEP_DONE', 'roadmap_step', 304, '2026-04-03 13:14:46'),
(274, 1, 'SKILL_ADDED', 'skill', 39, '2026-04-03 13:14:50'),
(275, 1, 'ROADMAP_STEP_DONE', 'roadmap_step', 305, '2026-04-12 12:27:18'),
(276, 1, 'ROADMAP_STEP_DONE', 'roadmap_step', 306, '2026-04-12 12:27:20'),
(277, 1, 'ROADMAP_STEP_DONE', 'roadmap_step', 307, '2026-04-12 12:27:34'),
(278, 1, 'ROADMAP_STEP_DONE', 'roadmap_step', 308, '2026-04-12 12:27:35'),
(279, 1, 'JOB_ANALYZED', 'job', NULL, '2026-05-17 20:44:43'),
(280, 1, 'JOB_SAVED', 'job', 171, '2026-05-17 20:44:56'),
(281, 1, 'JOB_ANALYZED', '[object Object]', NULL, '2026-05-17 20:53:21'),
(282, 1, 'JOB_SAVED', '[object Object]', NULL, '2026-05-17 20:54:00'),
(283, 1, 'JOB_ANALYZED', '[object Object]', NULL, '2026-05-17 21:03:33'),
(284, 1, 'JOB_SAVED', '[object Object]', NULL, '2026-05-17 21:03:39'),
(285, 1, 'ROADMAP_CREATED', '[object Object]', NULL, '2026-05-17 21:09:37'),
(286, 1, 'ROADMAP_STEP_DONE', '[object Object]', NULL, '2026-05-17 21:09:47'),
(287, 1, 'ROADMAP_STEP_DONE', '[object Object]', NULL, '2026-05-17 21:09:51'),
(288, 1, 'ROADMAP_STEP_DONE', '[object Object]', NULL, '2026-05-17 21:09:55'),
(289, 1, 'ROADMAP_STEP_DONE', '[object Object]', NULL, '2026-05-17 21:10:00'),
(290, 1, 'ROADMAP_STEP_DONE', '[object Object]', NULL, '2026-05-17 21:10:08'),
(291, 1, 'ROADMAP_STEP_DONE', '[object Object]', NULL, '2026-05-17 21:10:10'),
(292, 1, 'ROADMAP_STEP_DONE', '[object Object]', NULL, '2026-05-17 21:12:48'),
(293, 1, 'ROADMAP_STEP_DONE', '[object Object]', NULL, '2026-05-17 21:13:53'),
(294, 1, 'ROADMAP_STEP_DONE', '[object Object]', NULL, '2026-05-17 21:14:07'),
(295, 1, 'SKILL_ADDED', 'skill', 61, '2026-05-17 21:14:09'),
(296, 1, 'JOB_ANALYZED', '[object Object]', NULL, '2026-05-19 07:31:59'),
(297, 1, 'JOB_SAVED', '[object Object]', NULL, '2026-05-19 07:33:01'),
(298, 1, 'ROADMAP_CREATED', '[object Object]', NULL, '2026-05-19 07:33:31'),
(299, 1, 'ROADMAP_STEP_DONE', '[object Object]', NULL, '2026-05-19 07:34:13'),
(300, 1, 'SKILL_ADDED', 'skill', 62, '2026-05-19 07:34:16'),
(301, 1, 'SKILL_ADDED', 'skill', 97, '2026-05-19 07:34:53'),
(302, 1, 'CV_APPLIED', 'cv', NULL, '2026-05-19 07:35:25'),
(303, 1, 'ROADMAP_CREATED', '[object Object]', NULL, '2026-05-19 07:48:44'),
(304, 1, 'ROADMAP_STEP_DONE', '[object Object]', NULL, '2026-05-19 07:49:46'),
(305, 1, 'ROADMAP_STEP_DONE', '[object Object]', NULL, '2026-05-19 07:50:11'),
(306, 1, 'JOB_ANALYZED', '[object Object]', NULL, '2026-05-19 07:51:39'),
(307, 1, 'JOB_SAVED', '[object Object]', NULL, '2026-05-19 07:52:04'),
(308, 1, 'ROADMAP_CREATED', '[object Object]', NULL, '2026-05-19 07:52:11'),
(309, 1, 'ROADMAP_STEP_DONE', '[object Object]', NULL, '2026-05-19 07:52:58'),
(310, 1, 'ROADMAP_STEP_DONE', '[object Object]', NULL, '2026-05-19 07:55:06'),
(311, 1, 'ROADMAP_STEP_DONE', '[object Object]', NULL, '2026-05-19 07:55:08'),
(312, 1, 'SKILL_ADDED', 'skill', 52, '2026-05-19 07:55:09'),
(356, 1, 'ROADMAP_CREATED', '[object Object]', NULL, '2026-05-20 08:08:55'),
(357, 1, 'ROADMAP_CREATED', '[object Object]', NULL, '2026-05-20 08:09:09'),
(358, 1, 'ROADMAP_CREATED', '[object Object]', NULL, '2026-05-20 08:09:47'),
(359, 4, 'CV_APPLIED', 'cv', NULL, '2026-05-24 18:32:45'),
(360, 4, 'JOB_ANALYZED', '[object Object]', NULL, '2026-05-24 18:37:50'),
(361, 4, 'JOB_SAVED', '[object Object]', NULL, '2026-05-24 18:38:08'),
(362, 4, 'ROADMAP_CREATED', '[object Object]', NULL, '2026-05-24 18:38:18'),
(363, 4, 'ROADMAP_STEP_DONE', '[object Object]', NULL, '2026-05-24 18:38:27'),
(364, 4, 'ROADMAP_STEP_DONE', '[object Object]', NULL, '2026-05-24 18:38:28'),
(365, 4, 'ROADMAP_STEP_DONE', '[object Object]', NULL, '2026-05-24 18:38:30'),
(366, 4, 'ROADMAP_STEP_DONE', '[object Object]', NULL, '2026-05-24 18:38:35'),
(367, 4, 'ROADMAP_STEP_DONE', '[object Object]', NULL, '2026-05-24 18:38:37'),
(368, 4, 'ROADMAP_STEP_DONE', '[object Object]', NULL, '2026-05-24 18:38:38'),
(369, 4, 'ROADMAP_STEP_DONE', '[object Object]', NULL, '2026-05-24 18:38:40'),
(370, 4, 'ROADMAP_STEP_DONE', '[object Object]', NULL, '2026-05-24 18:38:41'),
(371, 4, 'ROADMAP_STEP_DONE', '[object Object]', NULL, '2026-05-24 18:38:44'),
(372, 4, 'ROADMAP_STEP_DONE', '[object Object]', NULL, '2026-05-24 18:38:47'),
(373, 4, 'ROADMAP_STEP_DONE', '[object Object]', NULL, '2026-05-24 18:38:49'),
(374, 4, 'ROADMAP_STEP_DONE', '[object Object]', NULL, '2026-05-24 18:38:50'),
(375, 4, 'JOB_ANALYZED', '[object Object]', NULL, '2026-05-24 18:42:50'),
(376, 4, 'JOB_SAVED', '[object Object]', NULL, '2026-05-24 18:43:17'),
(377, 4, 'ROADMAP_CREATED', '[object Object]', NULL, '2026-05-24 18:43:32'),
(378, 4, 'ROADMAP_STEP_DONE', '[object Object]', NULL, '2026-05-24 18:43:43'),
(379, 4, 'ROADMAP_STEP_DONE', '[object Object]', NULL, '2026-05-24 18:43:44'),
(380, 4, 'ROADMAP_STEP_DONE', '[object Object]', NULL, '2026-05-24 18:43:45'),
(381, 4, 'ROADMAP_STEP_DONE', '[object Object]', NULL, '2026-05-24 18:43:49'),
(382, 4, 'ROADMAP_STEP_DONE', '[object Object]', NULL, '2026-05-24 18:43:49'),
(383, 4, 'ROADMAP_STEP_DONE', '[object Object]', NULL, '2026-05-24 18:43:50'),
(384, 4, 'JOB_ANALYZED', '[object Object]', NULL, '2026-05-24 18:51:37'),
(385, 4, 'JOB_SAVED', '[object Object]', NULL, '2026-05-24 18:53:32'),
(386, 4, 'JOB_ANALYZED', '[object Object]', NULL, '2026-05-24 19:35:18'),
(387, 4, 'JOB_SAVED', '[object Object]', NULL, '2026-05-24 19:36:33'),
(388, 4, 'JOB_SAVED', '[object Object]', NULL, '2026-05-24 19:37:23'),
(389, 4, 'JOB_ANALYZED', '[object Object]', NULL, '2026-05-24 19:39:10'),
(390, 4, 'JOB_ANALYZED', '[object Object]', NULL, '2026-05-24 19:39:34'),
(391, 4, 'JOB_ANALYZED', '[object Object]', NULL, '2026-05-24 19:41:17'),
(392, 4, 'JOB_ANALYZED', '[object Object]', NULL, '2026-05-24 19:47:39'),
(393, 4, 'JOB_SAVED', '[object Object]', NULL, '2026-05-24 19:47:45'),
(394, 4, 'JOB_SAVED', '[object Object]', NULL, '2026-05-24 19:47:53'),
(395, 4, 'JOB_ANALYZED', '[object Object]', NULL, '2026-05-24 19:49:53'),
(396, 4, 'JOB_SAVED', '[object Object]', NULL, '2026-05-24 19:50:04'),
(397, 4, 'ROADMAP_CREATED', '[object Object]', NULL, '2026-05-24 20:16:06'),
(398, 4, 'ROADMAP_STEP_DONE', '[object Object]', NULL, '2026-05-24 20:16:13'),
(399, 4, 'ROADMAP_STEP_DONE', '[object Object]', NULL, '2026-05-24 20:16:14'),
(400, 4, 'ROADMAP_STEP_DONE', '[object Object]', NULL, '2026-05-24 20:16:14'),
(401, 4, 'ROADMAP_STEP_DONE', '[object Object]', NULL, '2026-05-24 20:16:54'),
(402, 4, 'ROADMAP_STEP_DONE', '[object Object]', NULL, '2026-05-24 20:16:55'),
(403, 4, 'ROADMAP_STEP_DONE', '[object Object]', NULL, '2026-05-24 20:16:56'),
(404, 4, 'ROADMAP_STEP_DONE', '[object Object]', NULL, '2026-05-24 20:17:21'),
(405, 4, 'ROADMAP_STEP_DONE', '[object Object]', NULL, '2026-05-24 20:17:26'),
(406, 4, 'ROADMAP_STEP_DONE', '[object Object]', NULL, '2026-05-24 20:17:27'),
(407, 4, 'ROADMAP_STEP_DONE', '[object Object]', NULL, '2026-05-24 20:17:27'),
(408, 4, 'ROADMAP_STEP_DONE', '[object Object]', NULL, '2026-05-24 20:23:58'),
(409, 4, 'ROADMAP_STEP_DONE', '[object Object]', NULL, '2026-05-24 20:23:59'),
(410, 4, 'ROADMAP_STEP_DONE', '[object Object]', NULL, '2026-05-24 20:24:00'),
(411, 4, 'JOB_ANALYZED', '[object Object]', NULL, '2026-05-26 09:32:42'),
(412, 4, 'JOB_SAVED', '[object Object]', NULL, '2026-05-26 09:35:21'),
(413, 4, 'ROADMAP_CREATED', '[object Object]', NULL, '2026-05-26 09:39:31'),
(414, 4, 'ROADMAP_STEP_DONE', '[object Object]', NULL, '2026-05-26 09:39:39'),
(415, 4, 'ROADMAP_STEP_DONE', '[object Object]', NULL, '2026-05-26 09:39:40'),
(416, 4, 'ROADMAP_STEP_DONE', '[object Object]', NULL, '2026-05-26 09:39:42'),
(417, 4, 'JOB_UPDATED', '[object Object]', NULL, '2026-05-26 12:12:02'),
(418, 4, 'JOB_UPDATED', '[object Object]', NULL, '2026-05-26 12:20:06'),
(419, 4, 'ROADMAP_CREATED', '[object Object]', NULL, '2026-05-26 12:46:18'),
(420, 4, 'ROADMAP_STEP_DONE', '[object Object]', NULL, '2026-05-26 12:46:28'),
(421, 4, 'ROADMAP_STEP_DONE', '[object Object]', NULL, '2026-05-26 12:46:29'),
(422, 4, 'ROADMAP_STEP_DONE', '[object Object]', NULL, '2026-05-26 13:55:17'),
(423, 4, 'ROADMAP_STEP_DONE', '[object Object]', NULL, '2026-05-26 13:59:31'),
(424, 4, 'ROADMAP_STEP_DONE', '[object Object]', NULL, '2026-05-26 13:59:32'),
(425, 4, 'ROADMAP_STEP_DONE', '[object Object]', NULL, '2026-05-26 13:59:35'),
(426, 4, 'JOB_ANALYZED', '[object Object]', NULL, '2026-06-03 11:44:26'),
(427, 4, 'JOB_SAVED', '[object Object]', NULL, '2026-06-03 11:47:14'),
(428, 4, 'ROADMAP_CREATED', '[object Object]', NULL, '2026-06-03 11:49:20'),
(429, 4, 'ROADMAP_STEP_DONE', '[object Object]', NULL, '2026-06-03 11:49:54'),
(430, 4, 'ROADMAP_STEP_DONE', '[object Object]', NULL, '2026-06-03 11:49:57'),
(431, 4, 'ROADMAP_STEP_DONE', '[object Object]', NULL, '2026-06-03 11:49:59'),
(432, 4, 'JOB_ANALYZED', '[object Object]', NULL, '2026-06-07 20:50:57'),
(433, 4, 'JOB_ANALYZED', '[object Object]', NULL, '2026-06-07 20:54:45'),
(434, 4, 'JOB_SAVED', '[object Object]', NULL, '2026-06-07 20:56:44'),
(435, 4, 'ROADMAP_CREATED', '[object Object]', NULL, '2026-06-07 20:58:58'),
(436, 4, 'ROADMAP_STEP_DONE', '[object Object]', NULL, '2026-06-07 20:59:48'),
(437, 4, 'ROADMAP_STEP_DONE', '[object Object]', NULL, '2026-06-07 20:59:49'),
(438, 4, 'ROADMAP_STEP_DONE', '[object Object]', NULL, '2026-06-07 20:59:50'),
(439, 4, 'ROADMAP_STEP_DONE', '[object Object]', NULL, '2026-06-07 21:26:01'),
(440, 4, 'ROADMAP_STEP_DONE', '[object Object]', NULL, '2026-06-07 21:26:02'),
(441, 4, 'ROADMAP_STEP_DONE', '[object Object]', NULL, '2026-06-07 21:26:04'),
(442, 4, 'ROADMAP_STEP_DONE', '[object Object]', NULL, '2026-06-07 21:26:07'),
(443, 4, 'ROADMAP_STEP_DONE', '[object Object]', NULL, '2026-06-07 21:26:11'),
(444, 4, 'ROADMAP_STEP_DONE', '[object Object]', NULL, '2026-06-07 21:26:12'),
(445, 4, 'ROADMAP_STEP_DONE', '[object Object]', NULL, '2026-06-07 21:26:15'),
(446, 4, 'ROADMAP_STEP_DONE', '[object Object]', NULL, '2026-06-07 21:26:17'),
(447, 4, 'ROADMAP_STEP_DONE', '[object Object]', NULL, '2026-06-07 21:26:20'),
(448, 4, 'ROADMAP_STEP_DONE', '[object Object]', NULL, '2026-06-07 21:26:21'),
(449, 4, 'ROADMAP_STEP_DONE', '[object Object]', NULL, '2026-06-07 21:26:26'),
(450, 4, 'ROADMAP_STEP_DONE', '[object Object]', NULL, '2026-06-07 21:26:27'),
(451, 4, 'ROADMAP_STEP_DONE', '[object Object]', NULL, '2026-06-07 21:26:31'),
(452, 4, 'ROADMAP_STEP_DONE', '[object Object]', NULL, '2026-06-07 21:26:32'),
(453, 4, 'ROADMAP_STEP_DONE', '[object Object]', NULL, '2026-06-07 21:26:34'),
(454, 4, 'ROADMAP_STEP_DONE', '[object Object]', NULL, '2026-06-07 21:26:35'),
(455, 4, 'ROADMAP_STEP_DONE', '[object Object]', NULL, '2026-06-07 21:26:37'),
(456, 4, 'ROADMAP_STEP_DONE', '[object Object]', NULL, '2026-06-07 21:26:38'),
(457, 4, 'ROADMAP_STEP_DONE', '[object Object]', NULL, '2026-06-07 21:26:41'),
(458, 4, 'JOB_ANALYZED', '[object Object]', NULL, '2026-06-26 15:33:51'),
(459, 4, 'JOB_SAVED', '[object Object]', NULL, '2026-06-26 15:34:20');

--
-- Dumping data for table `jobs`
--

INSERT INTO `jobs` (`id`, `external_dataset_id`, `user_id`, `title`, `company`, `location`, `work_mode`, `employment_type`, `seniority`, `category`, `ml_predicted_category`, `ml_model`, `ml_confidence`, `ml_probabilities_json`, `salary_range`, `technologies_json`, `posted_at`, `source_type`, `source_note`, `difficulty_score`, `description`, `match_score`, `status`, `applied_at`, `start_period`, `created_at`, `updated_at`, `experience_min`, `experience_label`, `degree_level`, `degree_label`, `meets_experience_requirement`, `meets_degree_requirement`) VALUES
(104, 'CJ-004', 1, 'Business Intelligence Specialist', 'DeLonghi Romania', 'Cluj-Napoca / Remote Romania', 'ONSITE', 'FULL_TIME', 'MID', 'BI', NULL, NULL, NULL, NULL, NULL, '[\"Power BI\", \"SQL Server\", \"Power Query\"]', '2026-04-09', 'REALISTIC_SYNTHETIC', 'Rol realist-sintetic construit pentru demo academic SkillTrack, inspirat din piața IT/business din Cluj și din tipologiile publice de joburi.', 65, 'DeLonghi Romania caută un/o Business Intelligence Specialist pentru echipele din Cluj-Napoca, cu activitate în regim onsite. Rolul presupune colaborare cu stakeholderi tehnici și business pentru livrarea de soluții digitale, rapoarte sau funcționalități software relevante. Candidatul va lucra cu Power BI, SQL Server, Power Query și va folosi în mod constant competențe precum Power BI, SQL, ETL, Data Modeling, Dashboard Design. Responsabilitățile includ analiză de cerințe, documentare, implementare sau testare, în funcție de specificul rolului. Sunt importante comunicarea clară, atenția la detalii și capacitatea de a transforma informațiile operaționale în rezultate acționabile. Experiența cu instrumente moderne, versionare, lucru Agile și colaborare cross-functională reprezintă un avantaj. Poziția este potrivită pentru nivel mid și contribuie direct la proiecte locale sau internaționale.', 67, 'OFERTA', NULL, NULL, '2026-05-17 22:08:32', '2026-05-20 08:16:40', 2, '2–5 ani experiență', NULL, NULL, NULL, NULL),
(105, 'CJ-005', 1, 'Data Warehouse Analyst', 'Tapptitude', 'Cluj-Napoca Metropolitan Area', 'HYBRID', 'FULL_TIME', 'MID', 'DATA', NULL, NULL, NULL, NULL, '8000-13000 RON net', '[\"SQL Server\", \"SSIS\", \"Power BI\"]', '2026-04-11', 'REALISTIC_SYNTHETIC', 'Rol realist-sintetic construit pentru demo academic SkillTrack, inspirat din piața IT/business din Cluj și din tipologiile publice de joburi.', 69, 'Tapptitude caută un/o Data Warehouse Analyst pentru echipele din Cluj-Napoca, cu activitate în regim hybrid. Rolul presupune colaborare cu stakeholderi tehnici și business pentru livrarea de soluții digitale, rapoarte sau funcționalități software relevante. Candidatul va lucra cu SQL Server, SSIS, Power BI și va folosi în mod constant competențe precum SQL, ETL, Data Modeling, Microsoft SQL Server, Documentation. Responsabilitățile includ analiză de cerințe, documentare, implementare sau testare, în funcție de specificul rolului. Sunt importante comunicarea clară, atenția la detalii și capacitatea de a transforma informațiile operaționale în rezultate acționabile. Experiența cu instrumente moderne, versionare, lucru Agile și colaborare cross-functională reprezintă un avantaj. Poziția este potrivită pentru nivel mid și contribuie direct la proiecte locale sau internaționale.', 67, 'OFERTA', NULL, NULL, '2026-05-17 22:08:32', '2026-05-20 08:10:18', 2, '2–5 ani experiență', NULL, NULL, NULL, NULL),
(106, 'CJ-006', 1, 'Junior Reporting Specialist', 'Emerson', 'Cluj-Napoca', 'HYBRID', 'FULL_TIME', 'JUNIOR', 'BI', NULL, NULL, NULL, NULL, '4200-7000 RON net', '[\"Excel\", \"Power BI\"]', '2026-04-13', 'REALISTIC_SYNTHETIC', 'Rol realist-sintetic construit pentru demo academic SkillTrack, inspirat din piața IT/business din Cluj și din tipologiile publice de joburi.', 48, 'Emerson caută un/o Junior Reporting Specialist pentru echipele din Cluj-Napoca, cu activitate în regim hybrid. Rolul presupune colaborare cu stakeholderi tehnici și business pentru livrarea de soluții digitale, rapoarte sau funcționalități software relevante. Candidatul va lucra cu Excel, Power BI și va folosi în mod constant competențe precum Excel, Reporting, Power BI, KPI Analysis, Communication. Responsabilitățile includ analiză de cerințe, documentare, implementare sau testare, în funcție de specificul rolului. Sunt importante comunicarea clară, atenția la detalii și capacitatea de a transforma informațiile operaționale în rezultate acționabile. Experiența cu instrumente moderne, versionare, lucru Agile și colaborare cross-functională reprezintă un avantaj. Poziția este potrivită pentru nivel junior și contribuie direct la proiecte locale sau internaționale.', 83, 'OFERTA', NULL, NULL, '2026-05-17 22:08:32', '2026-05-20 08:19:55', 0, '0–2 ani experiență', NULL, NULL, NULL, NULL),
(107, 'CJ-007', 1, 'Marketing Data Analyst', 'Betfair Romania Development', 'Cluj-Napoca / Remote Romania', 'HYBRID', 'FULL_TIME', 'JUNIOR', 'DATA', NULL, NULL, NULL, NULL, '4200-7000 RON net', '[\"Tableau\", \"Excel\", \"SQL\"]', '2026-04-15', 'REALISTIC_SYNTHETIC', 'Rol realist-sintetic construit pentru demo academic SkillTrack, inspirat din piața IT/business din Cluj și din tipologiile publice de joburi.', 51, 'Betfair Romania Development caută un/o Marketing Data Analyst pentru echipele din Cluj-Napoca, cu activitate în regim hybrid. Rolul presupune colaborare cu stakeholderi tehnici și business pentru livrarea de soluții digitale, rapoarte sau funcționalități software relevante. Candidatul va lucra cu Tableau, Excel, SQL și va folosi în mod constant competențe precum SQL, Excel, Tableau, Data Analysis, Statistical Analysis. Responsabilitățile includ analiză de cerințe, documentare, implementare sau testare, în funcție de specificul rolului. Sunt importante comunicarea clară, atenția la detalii și capacitatea de a transforma informațiile operaționale în rezultate acționabile. Experiența cu instrumente moderne, versionare, lucru Agile și colaborare cross-functională reprezintă un avantaj. Poziția este potrivită pentru nivel junior și contribuie direct la proiecte locale sau internaționale.', 83, 'SALVAT', NULL, NULL, '2026-05-17 22:08:32', '2026-05-19 07:35:25', 0, '0–2 ani experiență', NULL, NULL, NULL, NULL),
(108, 'CJ-008', 1, 'Finance Data Analyst', 'Garmin Cluj', 'Cluj-Napoca Metropolitan Area', 'HYBRID', 'FULL_TIME', 'MID', 'DATA', NULL, NULL, NULL, NULL, '8000-13000 RON net', '[\"Excel\", \"Power BI\", \"SQL\"]', '2026-04-17', 'REALISTIC_SYNTHETIC', 'Rol realist-sintetic construit pentru demo academic SkillTrack, inspirat din piața IT/business din Cluj și din tipologiile publice de joburi.', 65, 'Garmin Cluj caută un/o Finance Data Analyst pentru echipele din Cluj-Napoca, cu activitate în regim hybrid. Rolul presupune colaborare cu stakeholderi tehnici și business pentru livrarea de soluții digitale, rapoarte sau funcționalități software relevante. Candidatul va lucra cu Excel, Power BI, SQL și va folosi în mod constant competențe precum Excel, SQL, Power BI, KPI Analysis, Data Analysis. Responsabilitățile includ analiză de cerințe, documentare, implementare sau testare, în funcție de specificul rolului. Sunt importante comunicarea clară, atenția la detalii și capacitatea de a transforma informațiile operaționale în rezultate acționabile. Experiența cu instrumente moderne, versionare, lucru Agile și colaborare cross-functională reprezintă un avantaj. Poziția este potrivită pentru nivel mid și contribuie direct la proiecte locale sau internaționale.', 67, 'SALVAT', NULL, NULL, '2026-05-17 22:08:32', '2026-05-17 19:08:32', 2, '2–5 ani experiență', NULL, NULL, NULL, NULL),
(109, 'CJ-009', 1, 'HR People Analytics Analyst', 'Vertiv', 'Cluj-Napoca', 'HYBRID', 'FULL_TIME', 'JUNIOR', 'DATA', NULL, NULL, NULL, NULL, '4200-7000 RON net', '[\"Power BI\", \"Excel\"]', '2026-04-19', 'REALISTIC_SYNTHETIC', 'Rol realist-sintetic construit pentru demo academic SkillTrack, inspirat din piața IT/business din Cluj și din tipologiile publice de joburi.', 49, 'Vertiv caută un/o HR People Analytics Analyst pentru echipele din Cluj-Napoca, cu activitate în regim hybrid. Rolul presupune colaborare cu stakeholderi tehnici și business pentru livrarea de soluții digitale, rapoarte sau funcționalități software relevante. Candidatul va lucra cu Power BI, Excel și va folosi în mod constant competențe precum Excel, Power BI, Data Analysis, Data Visualization, Communication. Responsabilitățile includ analiză de cerințe, documentare, implementare sau testare, în funcție de specificul rolului. Sunt importante comunicarea clară, atenția la detalii și capacitatea de a transforma informațiile operaționale în rezultate acționabile. Experiența cu instrumente moderne, versionare, lucru Agile și colaborare cross-functională reprezintă un avantaj. Poziția este potrivită pentru nivel junior și contribuie direct la proiecte locale sau internaționale.', 83, 'SALVAT', NULL, NULL, '2026-05-17 22:08:32', '2026-05-19 07:35:25', 0, '0–2 ani experiență', NULL, NULL, NULL, NULL),
(110, 'CJ-010', 1, 'Product Data Analyst', 'E.ON Software Development', 'Cluj-Napoca / Remote Romania', 'REMOTE', 'FULL_TIME', 'MID', 'DATA', NULL, NULL, NULL, NULL, NULL, '[\"Python\", \"SQL\", \"Power BI\"]', '2026-04-21', 'REALISTIC_SYNTHETIC', 'Rol realist-sintetic construit pentru demo academic SkillTrack, inspirat din piața IT/business din Cluj și din tipologiile publice de joburi.', 65, 'E.ON Software Development caută un/o Product Data Analyst pentru echipele din Cluj-Napoca, cu activitate în regim remote. Rolul presupune colaborare cu stakeholderi tehnici și business pentru livrarea de soluții digitale, rapoarte sau funcționalități software relevante. Candidatul va lucra cu Python, SQL, Power BI și va folosi în mod constant competențe precum SQL, Python, Data Analysis, Statistics, Dashboard Design. Responsabilitățile includ analiză de cerințe, documentare, implementare sau testare, în funcție de specificul rolului. Sunt importante comunicarea clară, atenția la detalii și capacitatea de a transforma informațiile operaționale în rezultate acționabile. Experiența cu instrumente moderne, versionare, lucru Agile și colaborare cross-functională reprezintă un avantaj. Poziția este potrivită pentru nivel mid și contribuie direct la proiecte locale sau internaționale.', 67, 'OFERTA', NULL, NULL, '2026-05-17 22:08:32', '2026-05-20 08:17:03', 2, '2–5 ani experiență', NULL, NULL, NULL, NULL),
(111, 'CJ-011', 1, 'Data Quality Analyst', 'Genpact', 'Cluj-Napoca Metropolitan Area', 'HYBRID', 'FULL_TIME', 'JUNIOR', 'DATA', NULL, NULL, NULL, NULL, '4200-7000 RON net', '[\"SQL\", \"Excel\"]', '2026-04-23', 'REALISTIC_SYNTHETIC', 'Rol realist-sintetic construit pentru demo academic SkillTrack, inspirat din piața IT/business din Cluj și din tipologiile publice de joburi.', 48, 'Genpact caută un/o Data Quality Analyst pentru echipele din Cluj-Napoca, cu activitate în regim hybrid. Rolul presupune colaborare cu stakeholderi tehnici și business pentru livrarea de soluții digitale, rapoarte sau funcționalități software relevante. Candidatul va lucra cu SQL, Excel și va folosi în mod constant competențe precum SQL, Data Preprocessing, Data Analysis, ETL, Documentation. Responsabilitățile includ analiză de cerințe, documentare, implementare sau testare, în funcție de specificul rolului. Sunt importante comunicarea clară, atenția la detalii și capacitatea de a transforma informațiile operaționale în rezultate acționabile. Experiența cu instrumente moderne, versionare, lucru Agile și colaborare cross-functională reprezintă un avantaj. Poziția este potrivită pentru nivel junior și contribuie direct la proiecte locale sau internaționale.', 67, 'SALVAT', NULL, NULL, '2026-05-17 22:08:32', '2026-05-17 19:08:32', 0, '0–2 ani experiență', NULL, NULL, NULL, NULL),
(112, 'CJ-012', 1, 'BI Developer', 'Office Depot / Veyer', 'Cluj-Napoca', 'HYBRID', 'FULL_TIME', 'MID', 'BI', NULL, NULL, NULL, NULL, '8000-13000 RON net', '[\"Power BI\", \"DAX\", \"SQL Server\"]', '2026-04-25', 'REALISTIC_SYNTHETIC', 'Rol realist-sintetic construit pentru demo academic SkillTrack, inspirat din piața IT/business din Cluj și din tipologiile publice de joburi.', 65, 'Office Depot / Veyer caută un/o BI Developer pentru echipele din Cluj-Napoca, cu activitate în regim hybrid. Rolul presupune colaborare cu stakeholderi tehnici și business pentru livrarea de soluții digitale, rapoarte sau funcționalități software relevante. Candidatul va lucra cu Power BI, DAX, SQL Server și va folosi în mod constant competențe precum Power BI, SQL, DAX, Data Modeling, ETL. Responsabilitățile includ analiză de cerințe, documentare, implementare sau testare, în funcție de specificul rolului. Sunt importante comunicarea clară, atenția la detalii și capacitatea de a transforma informațiile operaționale în rezultate acționabile. Experiența cu instrumente moderne, versionare, lucru Agile și colaborare cross-functională reprezintă un avantaj. Poziția este potrivită pentru nivel mid și contribuie direct la proiecte locale sau internaționale.', 67, 'SALVAT', NULL, NULL, '2026-05-17 22:08:32', '2026-05-17 19:08:32', 2, '2–5 ani experiență', NULL, NULL, NULL, NULL),
(113, 'CJ-013', 1, 'Junior SQL Analyst', 'Halcyon Mobile', 'Cluj-Napoca / Remote Romania', 'HYBRID', 'FULL_TIME', 'JUNIOR', 'DATA', NULL, NULL, NULL, NULL, NULL, '[\"SQL\", \"Excel\"]', '2026-04-27', 'REALISTIC_SYNTHETIC', 'Rol realist-sintetic construit pentru demo academic SkillTrack, inspirat din piața IT/business din Cluj și din tipologiile publice de joburi.', 49, 'Halcyon Mobile caută un/o Junior SQL Analyst pentru echipele din Cluj-Napoca, cu activitate în regim hybrid. Rolul presupune colaborare cu stakeholderi tehnici și business pentru livrarea de soluții digitale, rapoarte sau funcționalități software relevante. Candidatul va lucra cu SQL, Excel și va folosi în mod constant competențe precum SQL, Excel, Data Analysis, Reporting, Communication. Responsabilitățile includ analiză de cerințe, documentare, implementare sau testare, în funcție de specificul rolului. Sunt importante comunicarea clară, atenția la detalii și capacitatea de a transforma informațiile operaționale în rezultate acționabile. Experiența cu instrumente moderne, versionare, lucru Agile și colaborare cross-functională reprezintă un avantaj. Poziția este potrivită pentru nivel junior și contribuie direct la proiecte locale sau internaționale.', 100, 'SALVAT', NULL, NULL, '2026-05-17 22:08:32', '2026-05-19 07:55:09', 0, '0–2 ani experiență', NULL, NULL, NULL, NULL),
(114, 'CJ-014', 1, 'Supply Chain Data Analyst', 'Softvision / Cognizant Softvision', 'Cluj-Napoca Metropolitan Area', 'HYBRID', 'FULL_TIME', 'MID', 'DATA', NULL, NULL, NULL, NULL, '8000-13000 RON net', '[\"Power BI\", \"Excel\"]', '2026-04-29', 'REALISTIC_SYNTHETIC', 'Rol realist-sintetic construit pentru demo academic SkillTrack, inspirat din piața IT/business din Cluj și din tipologiile publice de joburi.', 67, 'Softvision / Cognizant Softvision caută un/o Supply Chain Data Analyst pentru echipele din Cluj-Napoca, cu activitate în regim hybrid. Rolul presupune colaborare cu stakeholderi tehnici și business pentru livrarea de soluții digitale, rapoarte sau funcționalități software relevante. Candidatul va lucra cu Power BI, Excel și va folosi în mod constant competențe precum Excel, SQL, Power BI, Process Analysis, KPI Analysis. Responsabilitățile includ analiză de cerințe, documentare, implementare sau testare, în funcție de specificul rolului. Sunt importante comunicarea clară, atenția la detalii și capacitatea de a transforma informațiile operaționale în rezultate acționabile. Experiența cu instrumente moderne, versionare, lucru Agile și colaborare cross-functională reprezintă un avantaj. Poziția este potrivită pentru nivel mid și contribuie direct la proiecte locale sau internaționale.', 67, 'SALVAT', NULL, NULL, '2026-05-17 22:08:32', '2026-05-17 19:08:32', 2, '2–5 ani experiență', NULL, NULL, NULL, NULL),
(115, 'CJ-015', 1, 'Customer Insights Analyst', 'Sage Intacct', 'Cluj-Napoca', 'HYBRID', 'FULL_TIME', 'JUNIOR', 'DATA', NULL, NULL, NULL, NULL, '4200-7000 RON net', '[\"Tableau\", \"Excel\"]', '2026-05-01', 'REALISTIC_SYNTHETIC', 'Rol realist-sintetic construit pentru demo academic SkillTrack, inspirat din piața IT/business din Cluj și din tipologiile publice de joburi.', 45, 'Sage Intacct caută un/o Customer Insights Analyst pentru echipele din Cluj-Napoca, cu activitate în regim hybrid. Rolul presupune colaborare cu stakeholderi tehnici și business pentru livrarea de soluții digitale, rapoarte sau funcționalități software relevante. Candidatul va lucra cu Tableau, Excel și va folosi în mod constant competențe precum SQL, Excel, Data Analysis, Tableau, Presentation Skills. Responsabilitățile includ analiză de cerințe, documentare, implementare sau testare, în funcție de specificul rolului. Sunt importante comunicarea clară, atenția la detalii și capacitatea de a transforma informațiile operaționale în rezultate acționabile. Experiența cu instrumente moderne, versionare, lucru Agile și colaborare cross-functională reprezintă un avantaj. Poziția este potrivită pentru nivel junior și contribuie direct la proiecte locale sau internaționale.', 83, 'SALVAT', NULL, NULL, '2026-05-17 22:08:32', '2026-05-19 07:35:25', 0, '0–2 ani experiență', NULL, NULL, NULL, NULL),
(116, 'CJ-016', 1, 'Data Analytics Intern', 'TenarisSilcotub', 'Cluj-Napoca / Remote Romania', 'HYBRID', 'INTERNSHIP', 'INTERNSHIP', 'DATA', NULL, NULL, NULL, NULL, '2500-3800 RON net', '[\"Excel\", \"Power BI\"]', '2026-05-03', 'REALISTIC_SYNTHETIC', 'Rol realist-sintetic construit pentru demo academic SkillTrack, inspirat din piața IT/business din Cluj și din tipologiile publice de joburi.', 36, 'TenarisSilcotub caută un/o Data Analytics Intern pentru echipele din Cluj-Napoca, cu activitate în regim hybrid. Rolul presupune colaborare cu stakeholderi tehnici și business pentru livrarea de soluții digitale, rapoarte sau funcționalități software relevante. Candidatul va lucra cu Excel, Power BI și va folosi în mod constant competențe precum Excel, SQL, Power BI, Data Analysis, Communication. Responsabilitățile includ analiză de cerințe, documentare, implementare sau testare, în funcție de specificul rolului. Sunt importante comunicarea clară, atenția la detalii și capacitatea de a transforma informațiile operaționale în rezultate acționabile. Experiența cu instrumente moderne, versionare, lucru Agile și colaborare cross-functională reprezintă un avantaj. Poziția este potrivită pentru nivel internship și contribuie direct la proiecte locale sau internaționale.', 100, 'SALVAT', NULL, NULL, '2026-05-17 22:08:32', '2026-05-19 07:35:25', 0, 'Internship / practică', NULL, NULL, NULL, NULL),
(117, 'CJ-017', 1, 'Junior Power BI Developer', 'Endava', 'Cluj-Napoca Metropolitan Area', 'HYBRID', 'FULL_TIME', 'JUNIOR', 'BI', NULL, NULL, NULL, NULL, '4200-7000 RON net', '[\"Power BI\", \"Power Query\"]', '2026-05-05', 'REALISTIC_SYNTHETIC', 'Rol realist-sintetic construit pentru demo academic SkillTrack, inspirat din piața IT/business din Cluj și din tipologiile publice de joburi.', 51, 'Endava caută un/o Junior Power BI Developer pentru echipele din Cluj-Napoca, cu activitate în regim hybrid. Rolul presupune colaborare cu stakeholderi tehnici și business pentru livrarea de soluții digitale, rapoarte sau funcționalități software relevante. Candidatul va lucra cu Power BI, Power Query și va folosi în mod constant competențe precum Power BI, DAX, SQL, Dashboard Design, Data Visualization. Responsabilitățile includ analiză de cerințe, documentare, implementare sau testare, în funcție de specificul rolului. Sunt importante comunicarea clară, atenția la detalii și capacitatea de a transforma informațiile operaționale în rezultate acționabile. Experiența cu instrumente moderne, versionare, lucru Agile și colaborare cross-functională reprezintă un avantaj. Poziția este potrivită pentru nivel junior și contribuie direct la proiecte locale sau internaționale.', 67, 'SALVAT', NULL, NULL, '2026-05-17 22:08:32', '2026-05-17 21:14:09', 0, '0–2 ani experiență', NULL, NULL, NULL, NULL),
(118, 'CJ-018', 1, 'Operations Reporting Analyst', 'Fortech', 'Cluj-Napoca', 'HYBRID', 'FULL_TIME', 'JUNIOR', 'BI', NULL, NULL, NULL, NULL, NULL, '[\"Power BI\", \"Excel\"]', '2026-05-07', 'REALISTIC_SYNTHETIC', 'Rol realist-sintetic construit pentru demo academic SkillTrack, inspirat din piața IT/business din Cluj și din tipologiile publice de joburi.', 52, 'Fortech caută un/o Operations Reporting Analyst pentru echipele din Cluj-Napoca, cu activitate în regim hybrid. Rolul presupune colaborare cu stakeholderi tehnici și business pentru livrarea de soluții digitale, rapoarte sau funcționalități software relevante. Candidatul va lucra cu Power BI, Excel și va folosi în mod constant competențe precum Reporting, Excel, SQL, KPI Analysis, Process Analysis. Responsabilitățile includ analiză de cerințe, documentare, implementare sau testare, în funcție de specificul rolului. Sunt importante comunicarea clară, atenția la detalii și capacitatea de a transforma informațiile operaționale în rezultate acționabile. Experiența cu instrumente moderne, versionare, lucru Agile și colaborare cross-functională reprezintă un avantaj. Poziția este potrivită pentru nivel junior și contribuie direct la proiecte locale sau internaționale.', 67, 'SALVAT', NULL, NULL, '2026-05-17 22:08:32', '2026-05-19 07:55:09', 0, '0–2 ani experiență', NULL, NULL, NULL, NULL),
(119, 'CJ-019', 1, 'Master Data Analyst', 'MHP - A Porsche Company', 'Cluj-Napoca / Remote Romania', 'HYBRID', 'FULL_TIME', 'MID', 'DATA', NULL, NULL, NULL, NULL, '8000-13000 RON net', '[\"Excel\", \"SQL\"]', '2026-05-09', 'REALISTIC_SYNTHETIC', 'Rol realist-sintetic construit pentru demo academic SkillTrack, inspirat din piața IT/business din Cluj și din tipologiile publice de joburi.', 64, 'MHP - A Porsche Company caută un/o Master Data Analyst pentru echipele din Cluj-Napoca, cu activitate în regim hybrid. Rolul presupune colaborare cu stakeholderi tehnici și business pentru livrarea de soluții digitale, rapoarte sau funcționalități software relevante. Candidatul va lucra cu Excel, SQL și va folosi în mod constant competențe precum Data Modeling, Data Quality, SQL, Excel, Documentation. Responsabilitățile includ analiză de cerințe, documentare, implementare sau testare, în funcție de specificul rolului. Sunt importante comunicarea clară, atenția la detalii și capacitatea de a transforma informațiile operaționale în rezultate acționabile. Experiența cu instrumente moderne, versionare, lucru Agile și colaborare cross-functională reprezintă un avantaj. Poziția este potrivită pentru nivel mid și contribuie direct la proiecte locale sau internaționale.', 67, 'SALVAT', NULL, NULL, '2026-05-17 22:08:32', '2026-05-17 19:08:32', 2, '2–5 ani experiență', NULL, NULL, NULL, NULL),
(120, 'CJ-020', 1, 'Data Visualization Analyst', 'NTT DATA Romania', 'Cluj-Napoca Metropolitan Area', 'HYBRID', 'FULL_TIME', 'JUNIOR', 'BI', NULL, NULL, NULL, NULL, '4200-7000 RON net', '[\"Power BI\", \"Tableau\"]', '2026-05-11', 'REALISTIC_SYNTHETIC', 'Rol realist-sintetic construit pentru demo academic SkillTrack, inspirat din piața IT/business din Cluj și din tipologiile publice de joburi.', 49, 'NTT DATA Romania caută un/o Data Visualization Analyst pentru echipele din Cluj-Napoca, cu activitate în regim hybrid. Rolul presupune colaborare cu stakeholderi tehnici și business pentru livrarea de soluții digitale, rapoarte sau funcționalități software relevante. Candidatul va lucra cu Power BI, Tableau și va folosi în mod constant competențe precum Dashboard Design, Power BI, Tableau, Data Visualization, KPI Analysis. Responsabilitățile includ analiză de cerințe, documentare, implementare sau testare, în funcție de specificul rolului. Sunt importante comunicarea clară, atenția la detalii și capacitatea de a transforma informațiile operaționale în rezultate acționabile. Experiența cu instrumente moderne, versionare, lucru Agile și colaborare cross-functională reprezintă un avantaj. Poziția este potrivită pentru nivel junior și contribuie direct la proiecte locale sau internaționale.', 67, 'SALVAT', NULL, NULL, '2026-05-17 22:08:32', '2026-05-19 07:35:25', 0, '0–2 ani experiență', NULL, NULL, NULL, NULL),
(121, 'CJ-021', 1, 'Revenue Operations Analyst', 'Wolters Kluwer', 'Cluj-Napoca', 'REMOTE', 'FULL_TIME', 'MID', 'DATA', NULL, NULL, NULL, NULL, '8000-13000 RON net', '[\"SQL\", \"Excel\", \"Power BI\"]', '2026-05-13', 'REALISTIC_SYNTHETIC', 'Rol realist-sintetic construit pentru demo academic SkillTrack, inspirat din piața IT/business din Cluj și din tipologiile publice de joburi.', 67, 'Wolters Kluwer caută un/o Revenue Operations Analyst pentru echipele din Cluj-Napoca, cu activitate în regim remote. Rolul presupune colaborare cu stakeholderi tehnici și business pentru livrarea de soluții digitale, rapoarte sau funcționalități software relevante. Candidatul va lucra cu SQL, Excel, Power BI și va folosi în mod constant competențe precum SQL, Excel, Data Analysis, Reporting, Problem Solving. Responsabilitățile includ analiză de cerințe, documentare, implementare sau testare, în funcție de specificul rolului. Sunt importante comunicarea clară, atenția la detalii și capacitatea de a transforma informațiile operaționale în rezultate acționabile. Experiența cu instrumente moderne, versionare, lucru Agile și colaborare cross-functională reprezintă un avantaj. Poziția este potrivită pentru nivel mid și contribuie direct la proiecte locale sau internaționale.', 67, 'SALVAT', NULL, NULL, '2026-05-17 22:08:32', '2026-05-19 07:55:09', 2, '2–5 ani experiență', NULL, NULL, NULL, NULL),
(122, 'CJ-022', 1, 'Procurement Data Analyst', 'ARRK Research & Development', 'Cluj-Napoca / Remote Romania', 'HYBRID', 'FULL_TIME', 'JUNIOR', 'DATA', NULL, NULL, NULL, NULL, NULL, '[\"Excel\", \"Power BI\"]', '2026-05-15', 'REALISTIC_SYNTHETIC', 'Rol realist-sintetic construit pentru demo academic SkillTrack, inspirat din piața IT/business din Cluj și din tipologiile publice de joburi.', 49, 'ARRK Research & Development caută un/o Procurement Data Analyst pentru echipele din Cluj-Napoca, cu activitate în regim hybrid. Rolul presupune colaborare cu stakeholderi tehnici și business pentru livrarea de soluții digitale, rapoarte sau funcționalități software relevante. Candidatul va lucra cu Excel, Power BI și va folosi în mod constant competențe precum Excel, SQL, Power BI, Process Analysis, Reporting. Responsabilitățile includ analiză de cerințe, documentare, implementare sau testare, în funcție de specificul rolului. Sunt importante comunicarea clară, atenția la detalii și capacitatea de a transforma informațiile operaționale în rezultate acționabile. Experiența cu instrumente moderne, versionare, lucru Agile și colaborare cross-functională reprezintă un avantaj. Poziția este potrivită pentru nivel junior și contribuie direct la proiecte locale sau internaționale.', 83, 'SALVAT', NULL, NULL, '2026-05-17 22:08:32', '2026-05-19 07:55:09', 0, '0–2 ani experiență', NULL, NULL, NULL, NULL),
(123, 'CJ-023', 1, 'Junior Business Analyst', 'Yardi Romania', 'Cluj-Napoca Metropolitan Area', 'HYBRID', 'FULL_TIME', 'JUNIOR', 'BUSINESS', NULL, NULL, NULL, NULL, '3900-6400 RON net', '[\"Jira\", \"Confluence\"]', '2026-05-17', 'REALISTIC_SYNTHETIC', 'Rol realist-sintetic construit pentru demo academic SkillTrack, inspirat din piața IT/business din Cluj și din tipologiile publice de joburi.', 50, 'Yardi Romania caută un/o Junior Business Analyst pentru echipele din Cluj-Napoca, cu activitate în regim hybrid. Rolul presupune colaborare cu stakeholderi tehnici și business pentru livrarea de soluții digitale, rapoarte sau funcționalități software relevante. Candidatul va lucra cu Jira, Confluence și va folosi în mod constant competențe precum Business Analysis, Requirements Gathering, Documentation, Communication, Stakeholder Management. Responsabilitățile includ analiză de cerințe, documentare, implementare sau testare, în funcție de specificul rolului. Sunt importante comunicarea clară, atenția la detalii și capacitatea de a transforma informațiile operaționale în rezultate acționabile. Experiența cu instrumente moderne, versionare, lucru Agile și colaborare cross-functională reprezintă un avantaj. Poziția este potrivită pentru nivel junior și contribuie direct la proiecte locale sau internaționale.', 33, 'SALVAT', NULL, NULL, '2026-05-17 22:08:32', '2026-05-19 07:35:25', 0, '0–2 ani experiență', NULL, NULL, NULL, NULL),
(124, 'CJ-024', 1, 'Functional Business Analyst', 'SDL / RWS Group', 'Cluj-Napoca', 'HYBRID', 'FULL_TIME', 'MID', 'BUSINESS', NULL, NULL, NULL, NULL, NULL, '[\"Jira\", \"SQL\"]', '2026-04-02', 'REALISTIC_SYNTHETIC', 'Rol realist-sintetic construit pentru demo academic SkillTrack, inspirat din piața IT/business din Cluj și din tipologiile publice de joburi.', 71, 'SDL / RWS Group caută un/o Functional Business Analyst pentru echipele din Cluj-Napoca, cu activitate în regim hybrid. Rolul presupune colaborare cu stakeholderi tehnici și business pentru livrarea de soluții digitale, rapoarte sau funcționalități software relevante. Candidatul va lucra cu Jira, SQL și va folosi în mod constant competențe precum Business Analysis, Requirements Gathering, Process Analysis, Documentation, SQL. Responsabilitățile includ analiză de cerințe, documentare, implementare sau testare, în funcție de specificul rolului. Sunt importante comunicarea clară, atenția la detalii și capacitatea de a transforma informațiile operaționale în rezultate acționabile. Experiența cu instrumente moderne, versionare, lucru Agile și colaborare cross-functională reprezintă un avantaj. Poziția este potrivită pentru nivel mid și contribuie direct la proiecte locale sau internaționale.', 33, 'SALVAT', NULL, NULL, '2026-05-17 22:08:32', '2026-05-19 07:34:16', 2, '2–5 ani experiență', NULL, NULL, NULL, NULL),
(125, 'CJ-025', 1, 'Product Analyst', 'Siemens', 'Cluj-Napoca / Remote Romania', 'HYBRID', 'FULL_TIME', 'MID', 'BUSINESS', NULL, NULL, NULL, NULL, '7700-12400 RON net', '[\"Jira\", \"Power BI\"]', '2026-04-04', 'REALISTIC_SYNTHETIC', 'Rol realist-sintetic construit pentru demo academic SkillTrack, inspirat din piața IT/business din Cluj și din tipologiile publice de joburi.', 67, 'Siemens caută un/o Product Analyst pentru echipele din Cluj-Napoca, cu activitate în regim hybrid. Rolul presupune colaborare cu stakeholderi tehnici și business pentru livrarea de soluții digitale, rapoarte sau funcționalități software relevante. Candidatul va lucra cu Jira, Power BI și va folosi în mod constant competențe precum Product Management, SQL, Data Analysis, Stakeholder Management, Agile. Responsabilitățile includ analiză de cerințe, documentare, implementare sau testare, în funcție de specificul rolului. Sunt importante comunicarea clară, atenția la detalii și capacitatea de a transforma informațiile operaționale în rezultate acționabile. Experiența cu instrumente moderne, versionare, lucru Agile și colaborare cross-functională reprezintă un avantaj. Poziția este potrivită pentru nivel mid și contribuie direct la proiecte locale sau internaționale.', 50, 'SALVAT', NULL, NULL, '2026-05-17 22:08:32', '2026-05-19 07:34:16', 2, '2–5 ani experiență', NULL, NULL, NULL, NULL),
(126, 'CJ-026', 1, 'Project Management Intern', 'Cognizant Romania', 'Cluj-Napoca Metropolitan Area', 'HYBRID', 'INTERNSHIP', 'INTERNSHIP', 'PM', NULL, NULL, NULL, NULL, '2200-3200 RON net', '[\"Excel\", \"Jira\"]', '2026-04-06', 'REALISTIC_SYNTHETIC', 'Rol realist-sintetic construit pentru demo academic SkillTrack, inspirat din piața IT/business din Cluj și din tipologiile publice de joburi.', 32, 'Cognizant Romania caută un/o Project Management Intern pentru echipele din Cluj-Napoca, cu activitate în regim hybrid. Rolul presupune colaborare cu stakeholderi tehnici și business pentru livrarea de soluții digitale, rapoarte sau funcționalități software relevante. Candidatul va lucra cu Excel, Jira și va folosi în mod constant competențe precum Project Management, Planning, Coordination, Communication, Excel. Responsabilitățile includ analiză de cerințe, documentare, implementare sau testare, în funcție de specificul rolului. Sunt importante comunicarea clară, atenția la detalii și capacitatea de a transforma informațiile operaționale în rezultate acționabile. Experiența cu instrumente moderne, versionare, lucru Agile și colaborare cross-functională reprezintă un avantaj. Poziția este potrivită pentru nivel internship și contribuie direct la proiecte locale sau internaționale.', 67, 'SALVAT', NULL, NULL, '2026-05-17 22:08:32', '2026-05-19 07:35:25', 0, 'Internship / practică', NULL, NULL, NULL, NULL),
(127, 'CJ-027', 1, 'Junior Project Coordinator', '3Pillar Global', 'Cluj-Napoca', 'REMOTE', 'FULL_TIME', 'JUNIOR', 'PM', NULL, NULL, NULL, NULL, '3900-6400 RON net', '[\"Excel\", \"MS Project\"]', '2026-04-08', 'REALISTIC_SYNTHETIC', 'Rol realist-sintetic construit pentru demo academic SkillTrack, inspirat din piața IT/business din Cluj și din tipologiile publice de joburi.', 50, '3Pillar Global caută un/o Junior Project Coordinator pentru echipele din Cluj-Napoca, cu activitate în regim remote. Rolul presupune colaborare cu stakeholderi tehnici și business pentru livrarea de soluții digitale, rapoarte sau funcționalități software relevante. Candidatul va lucra cu Excel, MS Project și va folosi în mod constant competențe precum Project Management, Coordination, Planning, Risk Management, Communication. Responsabilitățile includ analiză de cerințe, documentare, implementare sau testare, în funcție de specificul rolului. Sunt importante comunicarea clară, atenția la detalii și capacitatea de a transforma informațiile operaționale în rezultate acționabile. Experiența cu instrumente moderne, versionare, lucru Agile și colaborare cross-functională reprezintă un avantaj. Poziția este potrivită pentru nivel junior și contribuie direct la proiecte locale sau internaționale.', 67, 'SALVAT', NULL, NULL, '2026-05-17 22:08:32', '2026-05-19 07:35:25', 0, '0–2 ani experiență', NULL, NULL, NULL, NULL),
(128, 'CJ-028', 1, 'Agile Business Analyst', 'Bosch Romania', 'Cluj-Napoca / Remote Romania', 'HYBRID', 'FULL_TIME', 'MID', 'BUSINESS', NULL, NULL, NULL, NULL, '7700-12400 RON net', '[\"Jira\", \"Confluence\"]', '2026-04-10', 'REALISTIC_SYNTHETIC', 'Rol realist-sintetic construit pentru demo academic SkillTrack, inspirat din piața IT/business din Cluj și din tipologiile publice de joburi.', 72, 'Bosch Romania caută un/o Agile Business Analyst pentru echipele din Cluj-Napoca, cu activitate în regim hybrid. Rolul presupune colaborare cu stakeholderi tehnici și business pentru livrarea de soluții digitale, rapoarte sau funcționalități software relevante. Candidatul va lucra cu Jira, Confluence și va folosi în mod constant competențe precum Agile, Scrum, Requirements Gathering, Business Analysis, Jira. Responsabilitățile includ analiză de cerințe, documentare, implementare sau testare, în funcție de specificul rolului. Sunt importante comunicarea clară, atenția la detalii și capacitatea de a transforma informațiile operaționale în rezultate acționabile. Experiența cu instrumente moderne, versionare, lucru Agile și colaborare cross-functională reprezintă un avantaj. Poziția este potrivită pentru nivel mid și contribuie direct la proiecte locale sau internaționale.', 33, 'SALVAT', NULL, NULL, '2026-05-17 22:08:32', '2026-05-19 07:35:25', 2, '2–5 ani experiență', NULL, NULL, NULL, NULL),
(129, 'CJ-029', 1, 'Process Analyst', 'Accenture Romania', 'Cluj-Napoca Metropolitan Area', 'HYBRID', 'FULL_TIME', 'JUNIOR', 'BUSINESS', NULL, NULL, NULL, NULL, NULL, '[\"Excel\", \"Power BI\"]', '2026-04-12', 'REALISTIC_SYNTHETIC', 'Rol realist-sintetic construit pentru demo academic SkillTrack, inspirat din piața IT/business din Cluj și din tipologiile publice de joburi.', 45, 'Accenture Romania caută un/o Process Analyst pentru echipele din Cluj-Napoca, cu activitate în regim hybrid. Rolul presupune colaborare cu stakeholderi tehnici și business pentru livrarea de soluții digitale, rapoarte sau funcționalități software relevante. Candidatul va lucra cu Excel, Power BI și va folosi în mod constant competențe precum Process Analysis, Documentation, Excel, Power BI, Stakeholder Management. Responsabilitățile includ analiză de cerințe, documentare, implementare sau testare, în funcție de specificul rolului. Sunt importante comunicarea clară, atenția la detalii și capacitatea de a transforma informațiile operaționale în rezultate acționabile. Experiența cu instrumente moderne, versionare, lucru Agile și colaborare cross-functională reprezintă un avantaj. Poziția este potrivită pentru nivel junior și contribuie direct la proiecte locale sau internaționale.', 33, 'SALVAT', NULL, NULL, '2026-05-17 22:08:32', '2026-05-17 19:08:32', 0, '0–2 ani experiență', NULL, NULL, NULL, NULL),
(130, 'CJ-030', 1, 'PMO Analyst', 'iQuest', 'Cluj-Napoca', 'HYBRID', 'FULL_TIME', 'JUNIOR', 'PM', NULL, NULL, NULL, NULL, '3900-6400 RON net', '[\"Excel\", \"Power BI\", \"Jira\"]', '2026-04-14', 'REALISTIC_SYNTHETIC', 'Rol realist-sintetic construit pentru demo academic SkillTrack, inspirat din piața IT/business din Cluj și din tipologiile publice de joburi.', 50, 'iQuest caută un/o PMO Analyst pentru echipele din Cluj-Napoca, cu activitate în regim hybrid. Rolul presupune colaborare cu stakeholderi tehnici și business pentru livrarea de soluții digitale, rapoarte sau funcționalități software relevante. Candidatul va lucra cu Excel, Power BI, Jira și va folosi în mod constant competențe precum Project Management, Excel, Power BI, Reporting, Risk Management. Responsabilitățile includ analiză de cerințe, documentare, implementare sau testare, în funcție de specificul rolului. Sunt importante comunicarea clară, atenția la detalii și capacitatea de a transforma informațiile operaționale în rezultate acționabile. Experiența cu instrumente moderne, versionare, lucru Agile și colaborare cross-functională reprezintă un avantaj. Poziția este potrivită pentru nivel junior și contribuie direct la proiecte locale sau internaționale.', 67, 'SALVAT', NULL, NULL, '2026-05-17 22:08:32', '2026-05-19 07:55:09', 0, '0–2 ani experiență', NULL, NULL, NULL, NULL),
(131, 'CJ-031', 1, 'Product Owner Assistant', 'Steelcase', 'Cluj-Napoca / Remote Romania', 'HYBRID', 'FULL_TIME', 'JUNIOR', 'BUSINESS', NULL, NULL, NULL, NULL, '3900-6400 RON net', '[\"Jira\", \"Confluence\"]', '2026-04-16', 'REALISTIC_SYNTHETIC', 'Rol realist-sintetic construit pentru demo academic SkillTrack, inspirat din piața IT/business din Cluj și din tipologiile publice de joburi.', 50, 'Steelcase caută un/o Product Owner Assistant pentru echipele din Cluj-Napoca, cu activitate în regim hybrid. Rolul presupune colaborare cu stakeholderi tehnici și business pentru livrarea de soluții digitale, rapoarte sau funcționalități software relevante. Candidatul va lucra cu Jira, Confluence și va folosi în mod constant competențe precum Agile, Scrum, Requirements Gathering, Documentation, Stakeholder Management. Responsabilitățile includ analiză de cerințe, documentare, implementare sau testare, în funcție de specificul rolului. Sunt importante comunicarea clară, atenția la detalii și capacitatea de a transforma informațiile operaționale în rezultate acționabile. Experiența cu instrumente moderne, versionare, lucru Agile și colaborare cross-functională reprezintă un avantaj. Poziția este potrivită pentru nivel junior și contribuie direct la proiecte locale sau internaționale.', 17, 'SALVAT', NULL, NULL, '2026-05-17 22:08:32', '2026-05-19 07:35:25', 0, '0–2 ani experiență', NULL, NULL, NULL, NULL),
(132, 'CJ-032', 1, 'Technology Consultant Intern', 'Arobs Transilvania Software', 'Cluj-Napoca Metropolitan Area', 'HYBRID', 'INTERNSHIP', 'INTERNSHIP', 'BUSINESS', NULL, NULL, NULL, NULL, '2200-3200 RON net', '[\"SQL\", \"Jira\"]', '2026-04-18', 'REALISTIC_SYNTHETIC', 'Rol realist-sintetic construit pentru demo academic SkillTrack, inspirat din piața IT/business din Cluj și din tipologiile publice de joburi.', 36, 'Arobs Transilvania Software caută un/o Technology Consultant Intern pentru echipele din Cluj-Napoca, cu activitate în regim hybrid. Rolul presupune colaborare cu stakeholderi tehnici și business pentru livrarea de soluții digitale, rapoarte sau funcționalități software relevante. Candidatul va lucra cu SQL, Jira și va folosi în mod constant competențe precum Business Analysis, Communication, Documentation, Problem Solving, SQL. Responsabilitățile includ analiză de cerințe, documentare, implementare sau testare, în funcție de specificul rolului. Sunt importante comunicarea clară, atenția la detalii și capacitatea de a transforma informațiile operaționale în rezultate acționabile. Experiența cu instrumente moderne, versionare, lucru Agile și colaborare cross-functională reprezintă un avantaj. Poziția este potrivită pentru nivel internship și contribuie direct la proiecte locale sau internaționale.', 50, 'SALVAT', NULL, NULL, '2026-05-17 22:08:32', '2026-05-19 07:35:25', 0, 'Internship / practică', NULL, NULL, NULL, NULL),
(133, 'CJ-033', 1, 'Operations Business Analyst', 'Banca Transilvania', 'Cluj-Napoca', 'HYBRID', 'FULL_TIME', 'MID', 'BUSINESS', NULL, NULL, NULL, NULL, '7700-12400 RON net', '[\"Excel\", \"SQL\"]', '2026-04-20', 'REALISTIC_SYNTHETIC', 'Rol realist-sintetic construit pentru demo academic SkillTrack, inspirat din piața IT/business din Cluj și din tipologiile publice de joburi.', 64, 'Banca Transilvania caută un/o Operations Business Analyst pentru echipele din Cluj-Napoca, cu activitate în regim hybrid. Rolul presupune colaborare cu stakeholderi tehnici și business pentru livrarea de soluții digitale, rapoarte sau funcționalități software relevante. Candidatul va lucra cu Excel, SQL și va folosi în mod constant competențe precum Business Analysis, Process Analysis, SQL, Excel, Requirements Gathering. Responsabilitățile includ analiză de cerințe, documentare, implementare sau testare, în funcție de specificul rolului. Sunt importante comunicarea clară, atenția la detalii și capacitatea de a transforma informațiile operaționale în rezultate acționabile. Experiența cu instrumente moderne, versionare, lucru Agile și colaborare cross-functională reprezintă un avantaj. Poziția este potrivită pentru nivel mid și contribuie direct la proiecte locale sau internaționale.', 50, 'SALVAT', NULL, NULL, '2026-05-17 22:08:32', '2026-05-19 07:34:16', 2, '2–5 ani experiență', NULL, NULL, NULL, NULL),
(134, 'CJ-034', 1, 'Service Delivery Analyst', 'DeLonghi Romania', 'Cluj-Napoca / Remote Romania', 'ONSITE', 'FULL_TIME', 'JUNIOR', 'PM', NULL, NULL, NULL, NULL, '3900-6400 RON net', '[\"Excel\", \"Power BI\"]', '2026-04-22', 'REALISTIC_SYNTHETIC', 'Rol realist-sintetic construit pentru demo academic SkillTrack, inspirat din piața IT/business din Cluj și din tipologiile publice de joburi.', 52, 'DeLonghi Romania caută un/o Service Delivery Analyst pentru echipele din Cluj-Napoca, cu activitate în regim onsite. Rolul presupune colaborare cu stakeholderi tehnici și business pentru livrarea de soluții digitale, rapoarte sau funcționalități software relevante. Candidatul va lucra cu Excel, Power BI și va folosi în mod constant competențe precum Communication, Coordination, Reporting, Stakeholder Management, Problem Solving. Responsabilitățile includ analiză de cerințe, documentare, implementare sau testare, în funcție de specificul rolului. Sunt importante comunicarea clară, atenția la detalii și capacitatea de a transforma informațiile operaționale în rezultate acționabile. Experiența cu instrumente moderne, versionare, lucru Agile și colaborare cross-functională reprezintă un avantaj. Poziția este potrivită pentru nivel junior și contribuie direct la proiecte locale sau internaționale.', 67, 'SALVAT', NULL, NULL, '2026-05-17 22:08:32', '2026-05-19 07:55:09', 0, '0–2 ani experiență', NULL, NULL, NULL, NULL),
(135, 'CJ-035', 1, 'Junior Backend Developer', 'Tapptitude', 'Cluj-Napoca Metropolitan Area', 'HYBRID', 'FULL_TIME', 'JUNIOR', 'BACKEND', NULL, NULL, NULL, NULL, NULL, '[\"Java\", \"Spring Boot\", \"MySQL\", \"Docker\"]', '2026-04-24', 'REALISTIC_SYNTHETIC', 'Rol realist-sintetic construit pentru demo academic SkillTrack, inspirat din piața IT/business din Cluj și din tipologiile publice de joburi.', 55, 'Tapptitude caută un/o Junior Backend Developer pentru echipele din Cluj-Napoca, cu activitate în regim hybrid. Rolul presupune colaborare cu stakeholderi tehnici și business pentru livrarea de soluții digitale, rapoarte sau funcționalități software relevante. Candidatul va lucra cu Java, Spring Boot, MySQL, Docker și va folosi în mod constant competențe precum Java, Spring Boot, REST APIs, SQL, Git. Responsabilitățile includ analiză de cerințe, documentare, implementare sau testare, în funcție de specificul rolului. Sunt importante comunicarea clară, atenția la detalii și capacitatea de a transforma informațiile operaționale în rezultate acționabile. Experiența cu instrumente moderne, versionare, lucru Agile și colaborare cross-functională reprezintă un avantaj. Poziția este potrivită pentru nivel junior și contribuie direct la proiecte locale sau internaționale.', 83, 'SALVAT', NULL, NULL, '2026-05-17 22:08:32', '2026-05-19 07:35:25', 0, '0–2 ani experiență', NULL, NULL, NULL, NULL),
(136, 'CJ-036', 1, 'Node.js Backend Developer', 'Emerson', 'Cluj-Napoca', 'HYBRID', 'FULL_TIME', 'MID', 'BACKEND', NULL, NULL, NULL, NULL, '8700-14500 RON net', '[\"Node.js\", \"Express\", \"MySQL\"]', '2026-04-26', 'REALISTIC_SYNTHETIC', 'Rol realist-sintetic construit pentru demo academic SkillTrack, inspirat din piața IT/business din Cluj și din tipologiile publice de joburi.', 72, 'Emerson caută un/o Node.js Backend Developer pentru echipele din Cluj-Napoca, cu activitate în regim hybrid. Rolul presupune colaborare cu stakeholderi tehnici și business pentru livrarea de soluții digitale, rapoarte sau funcționalități software relevante. Candidatul va lucra cu Node.js, Express, MySQL și va folosi în mod constant competențe precum Node.js, Express, REST APIs, MySQL, Git. Responsabilitățile includ analiză de cerințe, documentare, implementare sau testare, în funcție de specificul rolului. Sunt importante comunicarea clară, atenția la detalii și capacitatea de a transforma informațiile operaționale în rezultate acționabile. Experiența cu instrumente moderne, versionare, lucru Agile și colaborare cross-functională reprezintă un avantaj. Poziția este potrivită pentru nivel mid și contribuie direct la proiecte locale sau internaționale.', 83, 'SALVAT', NULL, NULL, '2026-05-17 22:08:32', '2026-05-19 07:35:25', 2, '2–5 ani experiență', NULL, NULL, NULL, NULL),
(137, 'CJ-037', 1, 'Java Developer', 'Betfair Romania Development', 'Cluj-Napoca / Remote Romania', 'HYBRID', 'FULL_TIME', 'MID', 'BACKEND', NULL, NULL, NULL, NULL, '8700-14500 RON net', '[\"Java\", \"Spring Boot\", \"PostgreSQL\"]', '2026-04-28', 'REALISTIC_SYNTHETIC', 'Rol realist-sintetic construit pentru demo academic SkillTrack, inspirat din piața IT/business din Cluj și din tipologiile publice de joburi.', 74, 'Betfair Romania Development caută un/o Java Developer pentru echipele din Cluj-Napoca, cu activitate în regim hybrid. Rolul presupune colaborare cu stakeholderi tehnici și business pentru livrarea de soluții digitale, rapoarte sau funcționalități software relevante. Candidatul va lucra cu Java, Spring Boot, PostgreSQL și va folosi în mod constant competențe precum Java, Spring Boot, Microservices, REST APIs, PostgreSQL. Responsabilitățile includ analiză de cerințe, documentare, implementare sau testare, în funcție de specificul rolului. Sunt importante comunicarea clară, atenția la detalii și capacitatea de a transforma informațiile operaționale în rezultate acționabile. Experiența cu instrumente moderne, versionare, lucru Agile și colaborare cross-functională reprezintă un avantaj. Poziția este potrivită pentru nivel mid și contribuie direct la proiecte locale sau internaționale.', 67, 'SALVAT', NULL, NULL, '2026-05-17 22:08:32', '2026-05-19 07:35:25', 2, '2–5 ani experiență', NULL, NULL, NULL, NULL),
(138, 'CJ-038', 1, '.NET Backend Developer', 'Garmin Cluj', 'Cluj-Napoca Metropolitan Area', 'HYBRID', 'FULL_TIME', 'MID', 'BACKEND', NULL, NULL, NULL, NULL, '8700-14500 RON net', '[\"C#\", \".NET\", \"SQL Server\"]', '2026-04-30', 'REALISTIC_SYNTHETIC', 'Rol realist-sintetic construit pentru demo academic SkillTrack, inspirat din piața IT/business din Cluj și din tipologiile publice de joburi.', 78, 'Garmin Cluj caută un/o .NET Backend Developer pentru echipele din Cluj-Napoca, cu activitate în regim hybrid. Rolul presupune colaborare cu stakeholderi tehnici și business pentru livrarea de soluții digitale, rapoarte sau funcționalități software relevante. Candidatul va lucra cu C#, .NET, SQL Server și va folosi în mod constant competențe precum C#, .NET, REST APIs, SQL, Git. Responsabilitățile includ analiză de cerințe, documentare, implementare sau testare, în funcție de specificul rolului. Sunt importante comunicarea clară, atenția la detalii și capacitatea de a transforma informațiile operaționale în rezultate acționabile. Experiența cu instrumente moderne, versionare, lucru Agile și colaborare cross-functională reprezintă un avantaj. Poziția este potrivită pentru nivel mid și contribuie direct la proiecte locale sau internaționale.', 83, 'SALVAT', NULL, NULL, '2026-05-17 22:08:32', '2026-05-19 07:35:25', 2, '2–5 ani experiență', NULL, NULL, NULL, NULL);
INSERT INTO `jobs` (`id`, `external_dataset_id`, `user_id`, `title`, `company`, `location`, `work_mode`, `employment_type`, `seniority`, `category`, `ml_predicted_category`, `ml_model`, `ml_confidence`, `ml_probabilities_json`, `salary_range`, `technologies_json`, `posted_at`, `source_type`, `source_note`, `difficulty_score`, `description`, `match_score`, `status`, `applied_at`, `start_period`, `created_at`, `updated_at`, `experience_min`, `experience_label`, `degree_level`, `degree_label`, `meets_experience_requirement`, `meets_degree_requirement`) VALUES
(139, 'CJ-039', 1, 'Full Stack Developer Python & React', 'Vertiv', 'Cluj-Napoca', 'HYBRID', 'FULL_TIME', 'MID', 'FULLSTACK', NULL, NULL, NULL, NULL, '8700-14500 RON net', '[\"Python\", \"React\", \"PostgreSQL\"]', '2026-05-02', 'REALISTIC_SYNTHETIC', 'Rol realist-sintetic construit pentru demo academic SkillTrack, inspirat din piața IT/business din Cluj și din tipologiile publice de joburi.', 74, 'Vertiv caută un/o Full Stack Developer Python & React pentru echipele din Cluj-Napoca, cu activitate în regim hybrid. Rolul presupune colaborare cu stakeholderi tehnici și business pentru livrarea de soluții digitale, rapoarte sau funcționalități software relevante. Candidatul va lucra cu Python, React, PostgreSQL și va folosi în mod constant competențe precum Python, React, JavaScript, REST APIs, SQL. Responsabilitățile includ analiză de cerințe, documentare, implementare sau testare, în funcție de specificul rolului. Sunt importante comunicarea clară, atenția la detalii și capacitatea de a transforma informațiile operaționale în rezultate acționabile. Experiența cu instrumente moderne, versionare, lucru Agile și colaborare cross-functională reprezintă un avantaj. Poziția este potrivită pentru nivel mid și contribuie direct la proiecte locale sau internaționale.', 100, 'SALVAT', NULL, NULL, '2026-05-17 22:08:32', '2026-05-19 07:35:25', 2, '2–5 ani experiență', NULL, NULL, NULL, NULL),
(140, 'CJ-040', 1, 'Junior Full Stack Developer', 'E.ON Software Development', 'Cluj-Napoca / Remote Romania', 'REMOTE', 'FULL_TIME', 'JUNIOR', 'FULLSTACK', NULL, NULL, NULL, NULL, NULL, '[\"React\", \"Node.js\", \"MySQL\"]', '2026-05-04', 'REALISTIC_SYNTHETIC', 'Rol realist-sintetic construit pentru demo academic SkillTrack, inspirat din piața IT/business din Cluj și din tipologiile publice de joburi.', 53, 'E.ON Software Development caută un/o Junior Full Stack Developer pentru echipele din Cluj-Napoca, cu activitate în regim remote. Rolul presupune colaborare cu stakeholderi tehnici și business pentru livrarea de soluții digitale, rapoarte sau funcționalități software relevante. Candidatul va lucra cu React, Node.js, MySQL și va folosi în mod constant competențe precum JavaScript, React, Node.js, Express, MySQL. Responsabilitățile includ analiză de cerințe, documentare, implementare sau testare, în funcție de specificul rolului. Sunt importante comunicarea clară, atenția la detalii și capacitatea de a transforma informațiile operaționale în rezultate acționabile. Experiența cu instrumente moderne, versionare, lucru Agile și colaborare cross-functională reprezintă un avantaj. Poziția este potrivită pentru nivel junior și contribuie direct la proiecte locale sau internaționale.', 100, 'SALVAT', NULL, NULL, '2026-05-17 22:08:32', '2026-05-19 07:35:25', 0, '0–2 ani experiență', NULL, NULL, NULL, NULL),
(141, 'CJ-041', 1, 'Cloud Backend Engineer', 'Genpact', 'Cluj-Napoca Metropolitan Area', 'HYBRID', 'FULL_TIME', 'MID', 'BACKEND', NULL, NULL, NULL, NULL, '8700-14500 RON net', '[\"AWS\", \"Docker\", \"Java\"]', '2026-05-06', 'REALISTIC_SYNTHETIC', 'Rol realist-sintetic construit pentru demo academic SkillTrack, inspirat din piața IT/business din Cluj și din tipologiile publice de joburi.', 78, 'Genpact caută un/o Cloud Backend Engineer pentru echipele din Cluj-Napoca, cu activitate în regim hybrid. Rolul presupune colaborare cu stakeholderi tehnici și business pentru livrarea de soluții digitale, rapoarte sau funcționalități software relevante. Candidatul va lucra cu AWS, Docker, Java și va folosi în mod constant competențe precum Java, Spring Boot, Cloud Computing, AWS, Docker. Responsabilitățile includ analiză de cerințe, documentare, implementare sau testare, în funcție de specificul rolului. Sunt importante comunicarea clară, atenția la detalii și capacitatea de a transforma informațiile operaționale în rezultate acționabile. Experiența cu instrumente moderne, versionare, lucru Agile și colaborare cross-functională reprezintă un avantaj. Poziția este potrivită pentru nivel mid și contribuie direct la proiecte locale sau internaționale.', 50, 'SALVAT', NULL, NULL, '2026-05-17 22:08:32', '2026-05-19 07:35:25', 2, '2–5 ani experiență', NULL, NULL, NULL, NULL),
(142, 'CJ-042', 1, 'API Integration Developer', 'Office Depot / Veyer', 'Cluj-Napoca', 'HYBRID', 'FULL_TIME', 'JUNIOR', 'BACKEND', NULL, NULL, NULL, NULL, '4900-8500 RON net', '[\"Node.js\", \"Postman\", \"SQL\"]', '2026-05-08', 'REALISTIC_SYNTHETIC', 'Rol realist-sintetic construit pentru demo academic SkillTrack, inspirat din piața IT/business din Cluj și din tipologiile publice de joburi.', 50, 'Office Depot / Veyer caută un/o API Integration Developer pentru echipele din Cluj-Napoca, cu activitate în regim hybrid. Rolul presupune colaborare cu stakeholderi tehnici și business pentru livrarea de soluții digitale, rapoarte sau funcționalități software relevante. Candidatul va lucra cu Node.js, Postman, SQL și va folosi în mod constant competențe precum REST APIs, API Design, Node.js, SQL, Documentation. Responsabilitățile includ analiză de cerințe, documentare, implementare sau testare, în funcție de specificul rolului. Sunt importante comunicarea clară, atenția la detalii și capacitatea de a transforma informațiile operaționale în rezultate acționabile. Experiența cu instrumente moderne, versionare, lucru Agile și colaborare cross-functională reprezintă un avantaj. Poziția este potrivită pentru nivel junior și contribuie direct la proiecte locale sau internaționale.', 50, 'SALVAT', NULL, NULL, '2026-05-17 22:08:32', '2026-05-19 07:35:25', 0, '0–2 ani experiență', NULL, NULL, NULL, NULL),
(143, 'CJ-043', 1, 'Software Engineer - Automotive', 'Halcyon Mobile', 'Cluj-Napoca / Remote Romania', 'HYBRID', 'FULL_TIME', 'MID', 'BACKEND', NULL, NULL, NULL, NULL, NULL, '[\"Java\", \"C++\", \"Linux\"]', '2026-05-10', 'REALISTIC_SYNTHETIC', 'Rol realist-sintetic construit pentru demo academic SkillTrack, inspirat din piața IT/business din Cluj și din tipologiile publice de joburi.', 70, 'Halcyon Mobile caută un/o Software Engineer - Automotive pentru echipele din Cluj-Napoca, cu activitate în regim hybrid. Rolul presupune colaborare cu stakeholderi tehnici și business pentru livrarea de soluții digitale, rapoarte sau funcționalități software relevante. Candidatul va lucra cu Java, C++, Linux și va folosi în mod constant competențe precum Java, C++, Git, Problem Solving, Documentation. Responsabilitățile includ analiză de cerințe, documentare, implementare sau testare, în funcție de specificul rolului. Sunt importante comunicarea clară, atenția la detalii și capacitatea de a transforma informațiile operaționale în rezultate acționabile. Experiența cu instrumente moderne, versionare, lucru Agile și colaborare cross-functională reprezintă un avantaj. Poziția este potrivită pentru nivel mid și contribuie direct la proiecte locale sau internaționale.', 33, 'SALVAT', NULL, NULL, '2026-05-17 22:08:32', '2026-05-19 07:35:25', 2, '2–5 ani experiență', NULL, NULL, NULL, NULL),
(144, 'CJ-044', 1, 'Junior Java Trainee', 'Softvision / Cognizant Softvision', 'Cluj-Napoca Metropolitan Area', 'HYBRID', 'INTERNSHIP', 'INTERNSHIP', 'BACKEND', NULL, NULL, NULL, NULL, '3200-5300 RON net', '[\"Java\", \"SQL\", \"Git\"]', '2026-05-12', 'REALISTIC_SYNTHETIC', 'Rol realist-sintetic construit pentru demo academic SkillTrack, inspirat din piața IT/business din Cluj și din tipologiile publice de joburi.', 38, 'Softvision / Cognizant Softvision caută un/o Junior Java Trainee pentru echipele din Cluj-Napoca, cu activitate în regim hybrid. Rolul presupune colaborare cu stakeholderi tehnici și business pentru livrarea de soluții digitale, rapoarte sau funcționalități software relevante. Candidatul va lucra cu Java, SQL, Git și va folosi în mod constant competențe precum Java, SQL, Git, REST APIs, Problem Solving. Responsabilitățile includ analiză de cerințe, documentare, implementare sau testare, în funcție de specificul rolului. Sunt importante comunicarea clară, atenția la detalii și capacitatea de a transforma informațiile operaționale în rezultate acționabile. Experiența cu instrumente moderne, versionare, lucru Agile și colaborare cross-functională reprezintă un avantaj. Poziția este potrivită pentru nivel internship și contribuie direct la proiecte locale sau internaționale.', 80, 'SALVAT', NULL, NULL, '2026-05-17 22:08:32', '2026-05-19 07:35:25', 0, 'Internship / practică', NULL, NULL, NULL, NULL),
(145, 'CJ-045', 1, 'Full Stack Engineer', 'Sage Intacct', 'Cluj-Napoca', 'HYBRID', 'FULL_TIME', 'MID', 'FULLSTACK', NULL, NULL, NULL, NULL, NULL, '[\"React\", \"TypeScript\", \"Node.js\"]', '2026-05-14', 'REALISTIC_SYNTHETIC', 'Rol realist-sintetic construit pentru demo academic SkillTrack, inspirat din piața IT/business din Cluj și din tipologiile publice de joburi.', 71, 'Sage Intacct caută un/o Full Stack Engineer pentru echipele din Cluj-Napoca, cu activitate în regim hybrid. Rolul presupune colaborare cu stakeholderi tehnici și business pentru livrarea de soluții digitale, rapoarte sau funcționalități software relevante. Candidatul va lucra cu React, TypeScript, Node.js și va folosi în mod constant competențe precum React, TypeScript, Node.js, REST APIs, PostgreSQL. Responsabilitățile includ analiză de cerințe, documentare, implementare sau testare, în funcție de specificul rolului. Sunt importante comunicarea clară, atenția la detalii și capacitatea de a transforma informațiile operaționale în rezultate acționabile. Experiența cu instrumente moderne, versionare, lucru Agile și colaborare cross-functională reprezintă un avantaj. Poziția este potrivită pentru nivel mid și contribuie direct la proiecte locale sau internaționale.', 83, 'SALVAT', NULL, NULL, '2026-05-17 22:08:32', '2026-05-19 07:35:25', 2, '2–5 ani experiență', NULL, NULL, NULL, NULL),
(146, 'CJ-046', 1, 'Backend Software Engineer', 'TenarisSilcotub', 'Cluj-Napoca / Remote Romania', 'HYBRID', 'FULL_TIME', 'SENIOR', 'BACKEND', NULL, NULL, NULL, NULL, '13700-20500 RON net', '[\"Java\", \"Spring Boot\", \"Docker\"]', '2026-05-16', 'REALISTIC_SYNTHETIC', 'Rol realist-sintetic construit pentru demo academic SkillTrack, inspirat din piața IT/business din Cluj și din tipologiile publice de joburi.', 87, 'TenarisSilcotub caută un/o Backend Software Engineer pentru echipele din Cluj-Napoca, cu activitate în regim hybrid. Rolul presupune colaborare cu stakeholderi tehnici și business pentru livrarea de soluții digitale, rapoarte sau funcționalități software relevante. Candidatul va lucra cu Java, Spring Boot, Docker și va folosi în mod constant competențe precum Java, Spring Boot, REST APIs, Docker, CI/CD. Responsabilitățile includ analiză de cerințe, documentare, implementare sau testare, în funcție de specificul rolului. Sunt importante comunicarea clară, atenția la detalii și capacitatea de a transforma informațiile operaționale în rezultate acționabile. Experiența cu instrumente moderne, versionare, lucru Agile și colaborare cross-functională reprezintă un avantaj. Poziția este potrivită pentru nivel senior și contribuie direct la proiecte locale sau internaționale.', 50, 'SALVAT', NULL, NULL, '2026-05-17 22:08:32', '2026-05-19 07:35:25', 5, '5+ ani experiență', NULL, NULL, NULL, NULL),
(147, 'CJ-047', 1, 'Junior Frontend Developer', 'Endava', 'Cluj-Napoca Metropolitan Area', 'HYBRID', 'FULL_TIME', 'JUNIOR', 'FRONTEND', NULL, NULL, NULL, NULL, NULL, '[\"React\", \"JavaScript\", \"CSS\"]', '2026-04-01', 'REALISTIC_SYNTHETIC', 'Rol realist-sintetic construit pentru demo academic SkillTrack, inspirat din piața IT/business din Cluj și din tipologiile publice de joburi.', 46, 'Endava caută un/o Junior Frontend Developer pentru echipele din Cluj-Napoca, cu activitate în regim hybrid. Rolul presupune colaborare cu stakeholderi tehnici și business pentru livrarea de soluții digitale, rapoarte sau funcționalități software relevante. Candidatul va lucra cu React, JavaScript, CSS și va folosi în mod constant competențe precum HTML, CSS, JavaScript, React, Responsive Design. Responsabilitățile includ analiză de cerințe, documentare, implementare sau testare, în funcție de specificul rolului. Sunt importante comunicarea clară, atenția la detalii și capacitatea de a transforma informațiile operaționale în rezultate acționabile. Experiența cu instrumente moderne, versionare, lucru Agile și colaborare cross-functională reprezintă un avantaj. Poziția este potrivită pentru nivel junior și contribuie direct la proiecte locale sau internaționale.', 67, 'SALVAT', NULL, NULL, '2026-05-17 22:08:32', '2026-05-19 07:35:25', 0, '0–2 ani experiență', NULL, NULL, NULL, NULL),
(148, 'CJ-048', 1, 'React Developer', 'Fortech', 'Cluj-Napoca', 'HYBRID', 'FULL_TIME', 'MID', 'FRONTEND', NULL, NULL, NULL, NULL, NULL, '[\"React\", \"TypeScript\"]', '2026-04-03', 'REALISTIC_SYNTHETIC', 'Rol realist-sintetic construit pentru demo academic SkillTrack, inspirat din piața IT/business din Cluj și din tipologiile publice de joburi.', 72, 'Fortech caută un/o React Developer pentru echipele din Cluj-Napoca, cu activitate în regim hybrid. Rolul presupune colaborare cu stakeholderi tehnici și business pentru livrarea de soluții digitale, rapoarte sau funcționalități software relevante. Candidatul va lucra cu React, TypeScript și va folosi în mod constant competențe precum React, JavaScript, TypeScript, HTML, CSS. Responsabilitățile includ analiză de cerințe, documentare, implementare sau testare, în funcție de specificul rolului. Sunt importante comunicarea clară, atenția la detalii și capacitatea de a transforma informațiile operaționale în rezultate acționabile. Experiența cu instrumente moderne, versionare, lucru Agile și colaborare cross-functională reprezintă un avantaj. Poziția este potrivită pentru nivel mid și contribuie direct la proiecte locale sau internaționale.', 67, 'SALVAT', NULL, NULL, '2026-05-17 22:08:32', '2026-05-19 07:35:25', 2, '2–5 ani experiență', NULL, NULL, NULL, NULL),
(149, 'CJ-049', 1, 'Frontend Engineer', 'MHP - A Porsche Company', 'Cluj-Napoca / Remote Romania', 'HYBRID', 'FULL_TIME', 'MID', 'FRONTEND', NULL, NULL, NULL, NULL, '8000-13000 RON net', '[\"React\", \"Redux\", \"TypeScript\"]', '2026-04-05', 'REALISTIC_SYNTHETIC', 'Rol realist-sintetic construit pentru demo academic SkillTrack, inspirat din piața IT/business din Cluj și din tipologiile publice de joburi.', 70, 'MHP - A Porsche Company caută un/o Frontend Engineer pentru echipele din Cluj-Napoca, cu activitate în regim hybrid. Rolul presupune colaborare cu stakeholderi tehnici și business pentru livrarea de soluții digitale, rapoarte sau funcționalități software relevante. Candidatul va lucra cu React, Redux, TypeScript și va folosi în mod constant competențe precum React, TypeScript, Redux, Responsive Design, UI/UX. Responsabilitățile includ analiză de cerințe, documentare, implementare sau testare, în funcție de specificul rolului. Sunt importante comunicarea clară, atenția la detalii și capacitatea de a transforma informațiile operaționale în rezultate acționabile. Experiența cu instrumente moderne, versionare, lucru Agile și colaborare cross-functională reprezintă un avantaj. Poziția este potrivită pentru nivel mid și contribuie direct la proiecte locale sau internaționale.', 50, 'SALVAT', NULL, NULL, '2026-05-17 22:08:32', '2026-05-19 07:35:25', 2, '2–5 ani experiență', NULL, NULL, NULL, NULL),
(150, 'CJ-050', 1, 'Angular Developer', 'NTT DATA Romania', 'Cluj-Napoca Metropolitan Area', 'HYBRID', 'FULL_TIME', 'MID', 'FRONTEND', NULL, NULL, NULL, NULL, '8000-13000 RON net', '[\"Angular\", \"TypeScript\"]', '2026-04-07', 'REALISTIC_SYNTHETIC', 'Rol realist-sintetic construit pentru demo academic SkillTrack, inspirat din piața IT/business din Cluj și din tipologiile publice de joburi.', 67, 'NTT DATA Romania caută un/o Angular Developer pentru echipele din Cluj-Napoca, cu activitate în regim hybrid. Rolul presupune colaborare cu stakeholderi tehnici și business pentru livrarea de soluții digitale, rapoarte sau funcționalități software relevante. Candidatul va lucra cu Angular, TypeScript și va folosi în mod constant competențe precum Angular, TypeScript, HTML, CSS, REST APIs. Responsabilitățile includ analiză de cerințe, documentare, implementare sau testare, în funcție de specificul rolului. Sunt importante comunicarea clară, atenția la detalii și capacitatea de a transforma informațiile operaționale în rezultate acționabile. Experiența cu instrumente moderne, versionare, lucru Agile și colaborare cross-functională reprezintă un avantaj. Poziția este potrivită pentru nivel mid și contribuie direct la proiecte locale sau internaționale.', 50, 'SALVAT', NULL, NULL, '2026-05-17 22:08:32', '2026-05-19 07:35:25', 2, '2–5 ani experiență', NULL, NULL, NULL, NULL),
(151, 'CJ-051', 1, 'UI Developer Intern', 'Wolters Kluwer', 'Cluj-Napoca', 'REMOTE', 'INTERNSHIP', 'INTERNSHIP', 'FRONTEND', NULL, NULL, NULL, NULL, '2500-3800 RON net', '[\"HTML\", \"CSS\", \"JavaScript\"]', '2026-04-09', 'REALISTIC_SYNTHETIC', 'Rol realist-sintetic construit pentru demo academic SkillTrack, inspirat din piața IT/business din Cluj și din tipologiile publice de joburi.', 33, 'Wolters Kluwer caută un/o UI Developer Intern pentru echipele din Cluj-Napoca, cu activitate în regim remote. Rolul presupune colaborare cu stakeholderi tehnici și business pentru livrarea de soluții digitale, rapoarte sau funcționalități software relevante. Candidatul va lucra cu HTML, CSS, JavaScript și va folosi în mod constant competențe precum HTML, CSS, JavaScript, UI/UX, Responsive Design. Responsabilitățile includ analiză de cerințe, documentare, implementare sau testare, în funcție de specificul rolului. Sunt importante comunicarea clară, atenția la detalii și capacitatea de a transforma informațiile operaționale în rezultate acționabile. Experiența cu instrumente moderne, versionare, lucru Agile și colaborare cross-functională reprezintă un avantaj. Poziția este potrivită pentru nivel internship și contribuie direct la proiecte locale sau internaționale.', 67, 'SALVAT', NULL, NULL, '2026-05-17 22:08:32', '2026-05-19 07:35:25', 0, 'Internship / practică', NULL, NULL, NULL, NULL),
(152, 'CJ-052', 1, 'Web Application Developer', 'ARRK Research & Development', 'Cluj-Napoca / Remote Romania', 'HYBRID', 'FULL_TIME', 'JUNIOR', 'FRONTEND', NULL, NULL, NULL, NULL, NULL, '[\"React\", \"Postman\"]', '2026-04-11', 'REALISTIC_SYNTHETIC', 'Rol realist-sintetic construit pentru demo academic SkillTrack, inspirat din piața IT/business din Cluj și din tipologiile publice de joburi.', 51, 'ARRK Research & Development caută un/o Web Application Developer pentru echipele din Cluj-Napoca, cu activitate în regim hybrid. Rolul presupune colaborare cu stakeholderi tehnici și business pentru livrarea de soluții digitale, rapoarte sau funcționalități software relevante. Candidatul va lucra cu React, Postman și va folosi în mod constant competențe precum JavaScript, React, HTML, CSS, API Testing. Responsabilitățile includ analiză de cerințe, documentare, implementare sau testare, în funcție de specificul rolului. Sunt importante comunicarea clară, atenția la detalii și capacitatea de a transforma informațiile operaționale în rezultate acționabile. Experiența cu instrumente moderne, versionare, lucru Agile și colaborare cross-functională reprezintă un avantaj. Poziția este potrivită pentru nivel junior și contribuie direct la proiecte locale sau internaționale.', 67, 'SALVAT', NULL, NULL, '2026-05-17 22:08:32', '2026-05-19 07:35:25', 0, '0–2 ani experiență', NULL, NULL, NULL, NULL),
(153, 'CJ-053', 1, 'Frontend Developer - Design Systems', 'Yardi Romania', 'Cluj-Napoca Metropolitan Area', 'HYBRID', 'FULL_TIME', 'MID', 'FRONTEND', NULL, NULL, NULL, NULL, '8000-13000 RON net', '[\"React\", \"TypeScript\", \"Figma\"]', '2026-04-13', 'REALISTIC_SYNTHETIC', 'Rol realist-sintetic construit pentru demo academic SkillTrack, inspirat din piața IT/business din Cluj și din tipologiile publice de joburi.', 65, 'Yardi Romania caută un/o Frontend Developer - Design Systems pentru echipele din Cluj-Napoca, cu activitate în regim hybrid. Rolul presupune colaborare cu stakeholderi tehnici și business pentru livrarea de soluții digitale, rapoarte sau funcționalități software relevante. Candidatul va lucra cu React, TypeScript, Figma și va folosi în mod constant competențe precum React, TypeScript, UI/UX, Responsive Design, Documentation. Responsabilitățile includ analiză de cerințe, documentare, implementare sau testare, în funcție de specificul rolului. Sunt importante comunicarea clară, atenția la detalii și capacitatea de a transforma informațiile operaționale în rezultate acționabile. Experiența cu instrumente moderne, versionare, lucru Agile și colaborare cross-functională reprezintă un avantaj. Poziția este potrivită pentru nivel mid și contribuie direct la proiecte locale sau internaționale.', 50, 'SALVAT', NULL, NULL, '2026-05-17 22:08:32', '2026-05-19 07:35:25', 2, '2–5 ani experiență', NULL, NULL, NULL, NULL),
(154, 'CJ-054', 1, 'Junior React Developer', 'SDL / RWS Group', 'Cluj-Napoca', 'HYBRID', 'FULL_TIME', 'JUNIOR', 'FRONTEND', NULL, NULL, NULL, NULL, '4200-7000 RON net', '[\"React\", \"JavaScript\"]', '2026-04-15', 'REALISTIC_SYNTHETIC', 'Rol realist-sintetic construit pentru demo academic SkillTrack, inspirat din piața IT/business din Cluj și din tipologiile publice de joburi.', 52, 'SDL / RWS Group caută un/o Junior React Developer pentru echipele din Cluj-Napoca, cu activitate în regim hybrid. Rolul presupune colaborare cu stakeholderi tehnici și business pentru livrarea de soluții digitale, rapoarte sau funcționalități software relevante. Candidatul va lucra cu React, JavaScript și va folosi în mod constant competențe precum React, JavaScript, HTML, CSS, REST APIs. Responsabilitățile includ analiză de cerințe, documentare, implementare sau testare, în funcție de specificul rolului. Sunt importante comunicarea clară, atenția la detalii și capacitatea de a transforma informațiile operaționale în rezultate acționabile. Experiența cu instrumente moderne, versionare, lucru Agile și colaborare cross-functională reprezintă un avantaj. Poziția este potrivită pentru nivel junior și contribuie direct la proiecte locale sau internaționale.', 83, 'SALVAT', NULL, NULL, '2026-05-17 22:08:32', '2026-05-19 07:35:25', 0, '0–2 ani experiență', NULL, NULL, NULL, NULL),
(155, 'CJ-055', 1, 'Mobile Web Developer', 'Siemens', 'Cluj-Napoca / Remote Romania', 'HYBRID', 'FULL_TIME', 'MID', 'FRONTEND', NULL, NULL, NULL, NULL, NULL, '[\"React\", \"TypeScript\"]', '2026-04-17', 'REALISTIC_SYNTHETIC', 'Rol realist-sintetic construit pentru demo academic SkillTrack, inspirat din piața IT/business din Cluj și din tipologiile publice de joburi.', 64, 'Siemens caută un/o Mobile Web Developer pentru echipele din Cluj-Napoca, cu activitate în regim hybrid. Rolul presupune colaborare cu stakeholderi tehnici și business pentru livrarea de soluții digitale, rapoarte sau funcționalități software relevante. Candidatul va lucra cu React, TypeScript și va folosi în mod constant competențe precum React, TypeScript, Responsive Design, UI/UX, REST APIs. Responsabilitățile includ analiză de cerințe, documentare, implementare sau testare, în funcție de specificul rolului. Sunt importante comunicarea clară, atenția la detalii și capacitatea de a transforma informațiile operaționale în rezultate acționabile. Experiența cu instrumente moderne, versionare, lucru Agile și colaborare cross-functională reprezintă un avantaj. Poziția este potrivită pentru nivel mid și contribuie direct la proiecte locale sau internaționale.', 67, 'SALVAT', NULL, NULL, '2026-05-17 22:08:32', '2026-05-19 07:35:25', 2, '2–5 ani experiență', NULL, NULL, NULL, NULL),
(156, 'CJ-056', 1, 'Frontend QA-minded Developer', 'Cognizant Romania', 'Cluj-Napoca Metropolitan Area', 'HYBRID', 'FULL_TIME', 'JUNIOR', 'FRONTEND', NULL, NULL, NULL, NULL, '4200-7000 RON net', '[\"React\", \"Postman\"]', '2026-04-19', 'REALISTIC_SYNTHETIC', 'Rol realist-sintetic construit pentru demo academic SkillTrack, inspirat din piața IT/business din Cluj și din tipologiile publice de joburi.', 44, 'Cognizant Romania caută un/o Frontend QA-minded Developer pentru echipele din Cluj-Napoca, cu activitate în regim hybrid. Rolul presupune colaborare cu stakeholderi tehnici și business pentru livrarea de soluții digitale, rapoarte sau funcționalități software relevante. Candidatul va lucra cu React, Postman și va folosi în mod constant competențe precum JavaScript, React, API Testing, Test Cases, Bug Reporting. Responsabilitățile includ analiză de cerințe, documentare, implementare sau testare, în funcție de specificul rolului. Sunt importante comunicarea clară, atenția la detalii și capacitatea de a transforma informațiile operaționale în rezultate acționabile. Experiența cu instrumente moderne, versionare, lucru Agile și colaborare cross-functională reprezintă un avantaj. Poziția este potrivită pentru nivel junior și contribuie direct la proiecte locale sau internaționale.', 50, 'SALVAT', NULL, NULL, '2026-05-17 22:08:32', '2026-05-19 07:35:25', 0, '0–2 ani experiență', NULL, NULL, NULL, NULL),
(157, 'CJ-057', 1, 'QA Manual Tester', '3Pillar Global', 'Cluj-Napoca', 'REMOTE', 'FULL_TIME', 'JUNIOR', 'QA', NULL, NULL, NULL, NULL, NULL, '[\"Jira\", \"Postman\"]', '2026-04-21', 'REALISTIC_SYNTHETIC', 'Rol realist-sintetic construit pentru demo academic SkillTrack, inspirat din piața IT/business din Cluj și din tipologiile publice de joburi.', 49, '3Pillar Global caută un/o QA Manual Tester pentru echipele din Cluj-Napoca, cu activitate în regim remote. Rolul presupune colaborare cu stakeholderi tehnici și business pentru livrarea de soluții digitale, rapoarte sau funcționalități software relevante. Candidatul va lucra cu Jira, Postman și va folosi în mod constant competențe precum Manual Testing, Test Cases, Bug Reporting, API Testing, Communication. Responsabilitățile includ analiză de cerințe, documentare, implementare sau testare, în funcție de specificul rolului. Sunt importante comunicarea clară, atenția la detalii și capacitatea de a transforma informațiile operaționale în rezultate acționabile. Experiența cu instrumente moderne, versionare, lucru Agile și colaborare cross-functională reprezintă un avantaj. Poziția este potrivită pentru nivel junior și contribuie direct la proiecte locale sau internaționale.', 17, 'SALVAT', NULL, NULL, '2026-05-17 22:08:32', '2026-05-19 07:35:25', 0, '0–2 ani experiență', NULL, NULL, NULL, NULL),
(158, 'CJ-058', 1, 'QA Automation Engineer', 'Bosch Romania', 'Cluj-Napoca / Remote Romania', 'HYBRID', 'FULL_TIME', 'MID', 'QA', NULL, NULL, NULL, NULL, '7700-12400 RON net', '[\"Selenium\", \"Java\", \"Postman\"]', '2026-04-23', 'REALISTIC_SYNTHETIC', 'Rol realist-sintetic construit pentru demo academic SkillTrack, inspirat din piața IT/business din Cluj și din tipologiile publice de joburi.', 68, 'Bosch Romania caută un/o QA Automation Engineer pentru echipele din Cluj-Napoca, cu activitate în regim hybrid. Rolul presupune colaborare cu stakeholderi tehnici și business pentru livrarea de soluții digitale, rapoarte sau funcționalități software relevante. Candidatul va lucra cu Selenium, Java, Postman și va folosi în mod constant competențe precum Automated Testing, Selenium, Java, API Testing, Git. Responsabilitățile includ analiză de cerințe, documentare, implementare sau testare, în funcție de specificul rolului. Sunt importante comunicarea clară, atenția la detalii și capacitatea de a transforma informațiile operaționale în rezultate acționabile. Experiența cu instrumente moderne, versionare, lucru Agile și colaborare cross-functională reprezintă un avantaj. Poziția este potrivită pentru nivel mid și contribuie direct la proiecte locale sau internaționale.', 33, 'SALVAT', NULL, NULL, '2026-05-17 22:08:32', '2026-05-19 07:35:25', 2, '2–5 ani experiență', NULL, NULL, NULL, NULL),
(159, 'CJ-059', 1, 'Performance Tester', 'Accenture Romania', 'Cluj-Napoca Metropolitan Area', 'HYBRID', 'FULL_TIME', 'MID', 'QA', NULL, NULL, NULL, NULL, NULL, '[\"JMeter\", \"Postman\"]', '2026-04-25', 'REALISTIC_SYNTHETIC', 'Rol realist-sintetic construit pentru demo academic SkillTrack, inspirat din piața IT/business din Cluj și din tipologiile publice de joburi.', 72, 'Accenture Romania caută un/o Performance Tester pentru echipele din Cluj-Napoca, cu activitate în regim hybrid. Rolul presupune colaborare cu stakeholderi tehnici și business pentru livrarea de soluții digitale, rapoarte sau funcționalități software relevante. Candidatul va lucra cu JMeter, Postman și va folosi în mod constant competențe precum Performance Testing, API Testing, Test Cases, Bug Reporting, Problem Solving. Responsabilitățile includ analiză de cerințe, documentare, implementare sau testare, în funcție de specificul rolului. Sunt importante comunicarea clară, atenția la detalii și capacitatea de a transforma informațiile operaționale în rezultate acționabile. Experiența cu instrumente moderne, versionare, lucru Agile și colaborare cross-functională reprezintă un avantaj. Poziția este potrivită pentru nivel mid și contribuie direct la proiecte locale sau internaționale.', 0, 'SALVAT', NULL, NULL, '2026-05-17 22:08:32', '2026-05-17 19:08:32', 2, '2–5 ani experiență', NULL, NULL, NULL, NULL),
(160, 'CJ-060', 1, 'QA Trainee', 'iQuest', 'Cluj-Napoca', 'HYBRID', 'INTERNSHIP', 'INTERNSHIP', 'QA', NULL, NULL, NULL, NULL, '2200-3200 RON net', '[\"Jira\"]', '2026-04-27', 'REALISTIC_SYNTHETIC', 'Rol realist-sintetic construit pentru demo academic SkillTrack, inspirat din piața IT/business din Cluj și din tipologiile publice de joburi.', 35, 'iQuest caută un/o QA Trainee pentru echipele din Cluj-Napoca, cu activitate în regim hybrid. Rolul presupune colaborare cu stakeholderi tehnici și business pentru livrarea de soluții digitale, rapoarte sau funcționalități software relevante. Candidatul va lucra cu Jira și va folosi în mod constant competențe precum Manual Testing, Test Cases, Bug Reporting, Communication, Problem Solving. Responsabilitățile includ analiză de cerințe, documentare, implementare sau testare, în funcție de specificul rolului. Sunt importante comunicarea clară, atenția la detalii și capacitatea de a transforma informațiile operaționale în rezultate acționabile. Experiența cu instrumente moderne, versionare, lucru Agile și colaborare cross-functională reprezintă un avantaj. Poziția este potrivită pentru nivel internship și contribuie direct la proiecte locale sau internaționale.', 20, 'SALVAT', NULL, NULL, '2026-05-17 22:08:32', '2026-05-19 07:35:25', 0, 'Internship / practică', NULL, NULL, NULL, NULL),
(161, 'CJ-061', 1, 'Software Test Engineer', 'Steelcase', 'Cluj-Napoca / Remote Romania', 'HYBRID', 'FULL_TIME', 'MID', 'QA', NULL, NULL, NULL, NULL, NULL, '[\"Selenium\", \"Postman\", \"Jira\"]', '2026-04-29', 'REALISTIC_SYNTHETIC', 'Rol realist-sintetic construit pentru demo academic SkillTrack, inspirat din piața IT/business din Cluj și din tipologiile publice de joburi.', 70, 'Steelcase caută un/o Software Test Engineer pentru echipele din Cluj-Napoca, cu activitate în regim hybrid. Rolul presupune colaborare cu stakeholderi tehnici și business pentru livrarea de soluții digitale, rapoarte sau funcționalități software relevante. Candidatul va lucra cu Selenium, Postman, Jira și va folosi în mod constant competențe precum Automated Testing, Manual Testing, API Testing, Selenium, Git. Responsabilitățile includ analiză de cerințe, documentare, implementare sau testare, în funcție de specificul rolului. Sunt importante comunicarea clară, atenția la detalii și capacitatea de a transforma informațiile operaționale în rezultate acționabile. Experiența cu instrumente moderne, versionare, lucru Agile și colaborare cross-functională reprezintă un avantaj. Poziția este potrivită pentru nivel mid și contribuie direct la proiecte locale sau internaționale.', 17, 'SALVAT', NULL, NULL, '2026-05-17 22:08:32', '2026-05-17 19:08:32', 2, '2–5 ani experiență', NULL, NULL, NULL, NULL),
(162, 'CJ-062', 1, 'Data QA Analyst', 'Arobs Transilvania Software', 'Cluj-Napoca Metropolitan Area', 'HYBRID', 'FULL_TIME', 'JUNIOR', 'QA', NULL, NULL, NULL, NULL, '3900-6400 RON net', '[\"SQL\", \"Excel\"]', '2026-05-01', 'REALISTIC_SYNTHETIC', 'Rol realist-sintetic construit pentru demo academic SkillTrack, inspirat din piața IT/business din Cluj și din tipologiile publice de joburi.', 50, 'Arobs Transilvania Software caută un/o Data QA Analyst pentru echipele din Cluj-Napoca, cu activitate în regim hybrid. Rolul presupune colaborare cu stakeholderi tehnici și business pentru livrarea de soluții digitale, rapoarte sau funcționalități software relevante. Candidatul va lucra cu SQL, Excel și va folosi în mod constant competențe precum SQL, Data Analysis, Manual Testing, Test Cases, Bug Reporting. Responsabilitățile includ analiză de cerințe, documentare, implementare sau testare, în funcție de specificul rolului. Sunt importante comunicarea clară, atenția la detalii și capacitatea de a transforma informațiile operaționale în rezultate acționabile. Experiența cu instrumente moderne, versionare, lucru Agile și colaborare cross-functională reprezintă un avantaj. Poziția este potrivită pentru nivel junior și contribuie direct la proiecte locale sau internaționale.', 33, 'SALVAT', NULL, NULL, '2026-05-17 22:08:32', '2026-05-17 19:08:32', 0, '0–2 ani experiență', NULL, NULL, NULL, NULL),
(163, 'CJ-063', 1, 'QA Engineer - Web Platforms', 'Banca Transilvania', 'Cluj-Napoca', 'HYBRID', 'FULL_TIME', 'MID', 'QA', NULL, NULL, NULL, NULL, '7700-12400 RON net', '[\"Postman\", \"Jira\", \"JavaScript\"]', '2026-05-03', 'REALISTIC_SYNTHETIC', 'Rol realist-sintetic construit pentru demo academic SkillTrack, inspirat din piața IT/business din Cluj și din tipologiile publice de joburi.', 71, 'Banca Transilvania caută un/o QA Engineer - Web Platforms pentru echipele din Cluj-Napoca, cu activitate în regim hybrid. Rolul presupune colaborare cu stakeholderi tehnici și business pentru livrarea de soluții digitale, rapoarte sau funcționalități software relevante. Candidatul va lucra cu Postman, Jira, JavaScript și va folosi în mod constant competențe precum Manual Testing, Automated Testing, API Testing, JavaScript, Bug Reporting. Responsabilitățile includ analiză de cerințe, documentare, implementare sau testare, în funcție de specificul rolului. Sunt importante comunicarea clară, atenția la detalii și capacitatea de a transforma informațiile operaționale în rezultate acționabile. Experiența cu instrumente moderne, versionare, lucru Agile și colaborare cross-functională reprezintă un avantaj. Poziția este potrivită pentru nivel mid și contribuie direct la proiecte locale sau internaționale.', 17, 'SALVAT', NULL, NULL, '2026-05-17 22:08:32', '2026-05-17 19:08:32', 2, '2–5 ani experiență', NULL, NULL, NULL, NULL),
(164, 'CJ-064', 1, 'Junior Machine Learning Engineer', 'DeLonghi Romania', 'Cluj-Napoca / Remote Romania', 'ONSITE', 'FULL_TIME', 'JUNIOR', 'AI_ML', NULL, NULL, NULL, NULL, NULL, '[\"Python\", \"Scikit-learn\", \"SQL\"]', '2026-05-05', 'REALISTIC_SYNTHETIC', 'Rol realist-sintetic construit pentru demo academic SkillTrack, inspirat din piața IT/business din Cluj și din tipologiile publice de joburi.', 51, 'DeLonghi Romania caută un/o Junior Machine Learning Engineer pentru echipele din Cluj-Napoca, cu activitate în regim onsite. Rolul presupune colaborare cu stakeholderi tehnici și business pentru livrarea de soluții digitale, rapoarte sau funcționalități software relevante. Candidatul va lucra cu Python, Scikit-learn, SQL și va folosi în mod constant competențe precum Python, Machine Learning, Scikit-learn, Model Evaluation, SQL. Responsabilitățile includ analiză de cerințe, documentare, implementare sau testare, în funcție de specificul rolului. Sunt importante comunicarea clară, atenția la detalii și capacitatea de a transforma informațiile operaționale în rezultate acționabile. Experiența cu instrumente moderne, versionare, lucru Agile și colaborare cross-functională reprezintă un avantaj. Poziția este potrivită pentru nivel junior și contribuie direct la proiecte locale sau internaționale.', 83, 'SALVAT', NULL, NULL, '2026-05-17 22:08:32', '2026-05-19 07:35:25', 0, '0–2 ani experiență', NULL, NULL, NULL, NULL),
(165, 'CJ-065', 1, 'AI Engineer - Generative AI', 'Tapptitude', 'Cluj-Napoca Metropolitan Area', 'HYBRID', 'FULL_TIME', 'MID', 'AI_ML', NULL, NULL, NULL, NULL, '8700-14500 RON net', '[\"Python\", \"LLM\", \"Azure\"]', '2026-05-07', 'REALISTIC_SYNTHETIC', 'Rol realist-sintetic construit pentru demo academic SkillTrack, inspirat din piața IT/business din Cluj și din tipologiile publice de joburi.', 75, 'Tapptitude caută un/o AI Engineer - Generative AI pentru echipele din Cluj-Napoca, cu activitate în regim hybrid. Rolul presupune colaborare cu stakeholderi tehnici și business pentru livrarea de soluții digitale, rapoarte sau funcționalități software relevante. Candidatul va lucra cu Python, LLM, Azure și va folosi în mod constant competențe precum Python, Large Language Models, NLP, Embeddings, REST APIs. Responsabilitățile includ analiză de cerințe, documentare, implementare sau testare, în funcție de specificul rolului. Sunt importante comunicarea clară, atenția la detalii și capacitatea de a transforma informațiile operaționale în rezultate acționabile. Experiența cu instrumente moderne, versionare, lucru Agile și colaborare cross-functională reprezintă un avantaj. Poziția este potrivită pentru nivel mid și contribuie direct la proiecte locale sau internaționale.', 67, 'SALVAT', NULL, NULL, '2026-05-17 22:08:32', '2026-05-19 07:35:25', 2, '2–5 ani experiență', NULL, NULL, NULL, NULL),
(166, 'CJ-066', 1, 'Data Scientist', 'Emerson', 'Cluj-Napoca', 'HYBRID', 'FULL_TIME', 'MID', 'AI_ML', NULL, NULL, NULL, NULL, NULL, '[\"Python\", \"Pandas\", \"Scikit-learn\"]', '2026-05-09', 'REALISTIC_SYNTHETIC', 'Rol realist-sintetic construit pentru demo academic SkillTrack, inspirat din piața IT/business din Cluj și din tipologiile publice de joburi.', 73, 'Emerson caută un/o Data Scientist pentru echipele din Cluj-Napoca, cu activitate în regim hybrid. Rolul presupune colaborare cu stakeholderi tehnici și business pentru livrarea de soluții digitale, rapoarte sau funcționalități software relevante. Candidatul va lucra cu Python, Pandas, Scikit-learn și va folosi în mod constant competențe precum Python, Machine Learning, Statistics, Pandas, Model Evaluation. Responsabilitățile includ analiză de cerințe, documentare, implementare sau testare, în funcție de specificul rolului. Sunt importante comunicarea clară, atenția la detalii și capacitatea de a transforma informațiile operaționale în rezultate acționabile. Experiența cu instrumente moderne, versionare, lucru Agile și colaborare cross-functională reprezintă un avantaj. Poziția este potrivită pentru nivel mid și contribuie direct la proiecte locale sau internaționale.', 83, 'SALVAT', NULL, NULL, '2026-05-17 22:08:32', '2026-05-19 07:35:25', 2, '2–5 ani experiență', NULL, NULL, NULL, NULL),
(167, 'CJ-067', 1, 'NLP Analyst Intern', 'Betfair Romania Development', 'Cluj-Napoca / Remote Romania', 'HYBRID', 'INTERNSHIP', 'INTERNSHIP', 'AI_ML', NULL, NULL, NULL, NULL, NULL, '[\"Python\", \"Scikit-learn\"]', '2026-05-11', 'REALISTIC_SYNTHETIC', 'Rol realist-sintetic construit pentru demo academic SkillTrack, inspirat din piața IT/business din Cluj și din tipologiile publice de joburi.', 41, 'Betfair Romania Development caută un/o NLP Analyst Intern pentru echipele din Cluj-Napoca, cu activitate în regim hybrid. Rolul presupune colaborare cu stakeholderi tehnici și business pentru livrarea de soluții digitale, rapoarte sau funcționalități software relevante. Candidatul va lucra cu Python, Scikit-learn și va folosi în mod constant competențe precum Python, NLP, Data Preprocessing, Model Evaluation, Communication. Responsabilitățile includ analiză de cerințe, documentare, implementare sau testare, în funcție de specificul rolului. Sunt importante comunicarea clară, atenția la detalii și capacitatea de a transforma informațiile operaționale în rezultate acționabile. Experiența cu instrumente moderne, versionare, lucru Agile și colaborare cross-functională reprezintă un avantaj. Poziția este potrivită pentru nivel internship și contribuie direct la proiecte locale sau internaționale.', 60, 'SALVAT', NULL, NULL, '2026-05-17 22:08:32', '2026-05-19 07:35:25', 0, 'Internship / practică', NULL, NULL, NULL, NULL),
(168, 'CJ-068', 1, 'ML Ops Junior Engineer', 'Garmin Cluj', 'Cluj-Napoca Metropolitan Area', 'HYBRID', 'FULL_TIME', 'JUNIOR', 'AI_ML', NULL, NULL, NULL, NULL, '4900-8500 RON net', '[\"Python\", \"Docker\", \"Azure\"]', '2026-05-13', 'REALISTIC_SYNTHETIC', 'Rol realist-sintetic construit pentru demo academic SkillTrack, inspirat din piața IT/business din Cluj și din tipologiile publice de joburi.', 54, 'Garmin Cluj caută un/o ML Ops Junior Engineer pentru echipele din Cluj-Napoca, cu activitate în regim hybrid. Rolul presupune colaborare cu stakeholderi tehnici și business pentru livrarea de soluții digitale, rapoarte sau funcționalități software relevante. Candidatul va lucra cu Python, Docker, Azure și va folosi în mod constant competențe precum Python, Machine Learning, Docker, CI/CD, Cloud Computing. Responsabilitățile includ analiză de cerințe, documentare, implementare sau testare, în funcție de specificul rolului. Sunt importante comunicarea clară, atenția la detalii și capacitatea de a transforma informațiile operaționale în rezultate acționabile. Experiența cu instrumente moderne, versionare, lucru Agile și colaborare cross-functională reprezintă un avantaj. Poziția este potrivită pentru nivel junior și contribuie direct la proiecte locale sau internaționale.', 67, 'SALVAT', NULL, NULL, '2026-05-17 22:08:32', '2026-05-19 07:35:25', 0, '0–2 ani experiență', NULL, NULL, NULL, NULL),
(169, 'CJ-069', 1, 'AI Data Analyst', 'Vertiv', 'Cluj-Napoca', 'HYBRID', 'FULL_TIME', 'JUNIOR', 'AI_ML', NULL, NULL, NULL, NULL, '4900-8500 RON net', '[\"Python\", \"Power BI\", \"SQL\"]', '2026-05-15', 'REALISTIC_SYNTHETIC', 'Rol realist-sintetic construit pentru demo academic SkillTrack, inspirat din piața IT/business din Cluj și din tipologiile publice de joburi.', 57, 'Vertiv caută un/o AI Data Analyst pentru echipele din Cluj-Napoca, cu activitate în regim hybrid. Rolul presupune colaborare cu stakeholderi tehnici și business pentru livrarea de soluții digitale, rapoarte sau funcționalități software relevante. Candidatul va lucra cu Python, Power BI, SQL și va folosi în mod constant competențe precum Python, SQL, Machine Learning, Power BI, Data Analysis. Responsabilitățile includ analiză de cerințe, documentare, implementare sau testare, în funcție de specificul rolului. Sunt importante comunicarea clară, atenția la detalii și capacitatea de a transforma informațiile operaționale în rezultate acționabile. Experiența cu instrumente moderne, versionare, lucru Agile și colaborare cross-functională reprezintă un avantaj. Poziția este potrivită pentru nivel junior și contribuie direct la proiecte locale sau internaționale.', 83, 'SALVAT', NULL, NULL, '2026-05-17 22:08:32', '2026-05-17 19:08:32', 0, '0–2 ani experiență', NULL, NULL, NULL, NULL),
(170, 'CJ-070', 1, 'Computer Vision Data Specialist', 'E.ON Software Development', 'Cluj-Napoca / Remote Romania', 'REMOTE', 'FULL_TIME', 'MID', 'AI_ML', NULL, NULL, NULL, NULL, NULL, '[\"Python\", \"OpenCV\"]', '2026-05-17', 'REALISTIC_SYNTHETIC', 'Rol realist-sintetic construit pentru demo academic SkillTrack, inspirat din piața IT/business din Cluj și din tipologiile publice de joburi.', 71, 'E.ON Software Development caută un/o Computer Vision Data Specialist pentru echipele din Cluj-Napoca, cu activitate în regim remote. Rolul presupune colaborare cu stakeholderi tehnici și business pentru livrarea de soluții digitale, rapoarte sau funcționalități software relevante. Candidatul va lucra cu Python, OpenCV și va folosi în mod constant competențe precum Python, Data Preprocessing, Machine Learning, Documentation, Model Evaluation. Responsabilitățile includ analiză de cerințe, documentare, implementare sau testare, în funcție de specificul rolului. Sunt importante comunicarea clară, atenția la detalii și capacitatea de a transforma informațiile operaționale în rezultate acționabile. Experiența cu instrumente moderne, versionare, lucru Agile și colaborare cross-functională reprezintă un avantaj. Poziția este potrivită pentru nivel mid și contribuie direct la proiecte locale sau internaționale.', 50, 'SALVAT', NULL, NULL, '2026-05-17 22:08:32', '2026-05-17 19:08:32', 2, '2–5 ani experiență', NULL, NULL, NULL, NULL),
(181, NULL, 4, 'Information Technology Business Analyst', 'Airport Labs', 'Cluj-Napoca', 'HYBRID', NULL, NULL, NULL, 'BUSINESS', 'Gradient Boosting', 1.0000, '[{\"category\": \"BUSINESS\", \"probability\": 1}, {\"category\": \"AI_ML\", \"probability\": 0}, {\"category\": \"BACKEND\", \"probability\": 0}, {\"category\": \"BI\", \"probability\": 0}, {\"category\": \"DATA\", \"probability\": 0}, {\"category\": \"FRONTEND\", \"probability\": 0}, {\"category\": \"FULLSTACK\", \"probability\": 0}, {\"category\": \"PM\", \"probability\": 0}, {\"category\": \"QA\", \"probability\": 0}]', NULL, NULL, NULL, NULL, NULL, NULL, 'Despre job\nAbout the role \nAirportLabs is providing a complete suite of products that drives efficiency in aviation. Our products and solutions help major airports, airlines, and ground handlers worldwide solve the hardest operational problems, improve efficiency, and develop the value of their services.\n\nWe are looking for a Business Analyst who is motivated to understand how airport operations work in practice and translate complex workflows into clear, actionable product requirements.\n\nThis is a hands-on, product-oriented role, working at the intersection of business and engineering. You will collaborate closely with users, product managers, and development teams to clarify needs, structure requirements, and support solution design all the way to production.\n\nIf you are comfortable navigating ambiguity, asking the right questions, and driving clarity across teams, this role could be a strong fit.\n\nKey facts to consider\n1500 - 2700 GBP gross/per month, depending on role fit and experience level\nYearly profit share and various performance and behavior-based bonuses\nRead more about our benefits here: https://www.airportlabs.com/careers#benefits \nIn-office or hybrid (partial office & partial remote)\nOffice location: Cluj-Napoca\nContract based on PFA or SRL with our UK entity\nPaid holidays\nInternational Exposure\n\nResponsibilities\nUnderstand and document the problem to be solved\nTranslate business requirements and needs into product solutions\nCoordinate with the product team members on the requirements clarification step and assist all the way to production release\nContribute to the development and improvement of the team practices and of the business requirements processes\n\nQualifications & skills\nExcellent communication skills, both verbal and written in English and Romanian.\nBachelor\'s degree or higher, ideally from a technical institution.\nProficient in creating structured Requirements and Acceptance Criteria that minimize development rework and ensure technical alignment.\nComfortable interviewing clients/people about their behavior and needs\nCapable of interpreting code to perform root cause analysis, validate data integrity, and optimize system integration workflows.\nExpertise in transforming ambiguous stakeholder input into structured, hierarchical documentation\n\nNice to have\nCertification in Business Analysis\nProficiency in using Spanish and/or French and/or German is a plus\n\nOur recruitment process\nWe will use a two-step process for the recruitment of this role:\nA practical exercise\nAn interview with the product team, where we aim to learn more about you and your skills for this role.\n\nCareer development\nShould you be interested in further professional development, we will support you to boost your skills and capabilities. Being a product company, we have a wider breadth of departments and skills that may be attractive to you:\nProduct Management\nProject Management\nAccount Management\n\nWe place efficiency at the core of our business. Our day-to-day efforts contribute to improving the quality of passengers’ travel experience all across the world.\n\nWe foster a values-driven culture; therefore, it is essential that colleagues who join our team abide by and uphold our company values: Assertiveness, Efficiency, Grit, Initiative, Kindness & Collaboration, Knowledge transfer, Openness, Ownership, Responsibility & Accountability, Predictability, Psychological safety, and Transparency.', 100, 'SALVAT', NULL, NULL, '2026-05-24 21:38:08', '2026-05-24 20:24:01', NULL, NULL, 'BACHELOR', 'Licență', NULL, 1);
INSERT INTO `jobs` (`id`, `external_dataset_id`, `user_id`, `title`, `company`, `location`, `work_mode`, `employment_type`, `seniority`, `category`, `ml_predicted_category`, `ml_model`, `ml_confidence`, `ml_probabilities_json`, `salary_range`, `technologies_json`, `posted_at`, `source_type`, `source_note`, `difficulty_score`, `description`, `match_score`, `status`, `applied_at`, `start_period`, `created_at`, `updated_at`, `experience_min`, `experience_label`, `degree_level`, `degree_label`, `meets_experience_requirement`, `meets_degree_requirement`) VALUES
(182, NULL, 4, 'Technical Analyst – AI & Marketing Intelligence', 'Yardi', 'Cluj-Napoca', 'HYBRID', NULL, NULL, NULL, 'DATA', 'Gradient Boosting', 0.1996, '[{\"category\": \"DATA\", \"probability\": 0.1996}, {\"category\": \"FRONTEND\", \"probability\": 0.1515}, {\"category\": \"BACKEND\", \"probability\": 0.1344}, {\"category\": \"BUSINESS\", \"probability\": 0.1168}, {\"category\": \"AI_ML\", \"probability\": 0.0986}, {\"category\": \"BI\", \"probability\": 0.0986}, {\"category\": \"QA\", \"probability\": 0.0986}, {\"category\": \"PM\", \"probability\": 0.0608}, {\"category\": \"FULLSTACK\", \"probability\": 0.041}]', NULL, NULL, NULL, NULL, NULL, NULL, 'Despre job\nWho We Are\nWe are a software development company where people, passion, and technology come together to shape the future of real estate through our own innovative products.\nSince opening our doors in 2010, our Cluj-Napoca office has grown into the second-largest Yardi location worldwide. As part of Yardi Systems, Inc., a global leader in real estate software, founded in 1984, we\'re connected to a network of over 45 offices and 10,000+ colleagues across the globe.\nOur success is driven by a diverse team of more than 1,400 professionals, including software developers, marketers, consultants, data researchers, customer service specialists, and many more. Think you\'d be a great fit? Join #TeamYardi.\n\nYour Impact\nYou see a repetitive task and immediately think about how to automate it. You get excited connecting tools, designing agents, and making AI do the heavy lifting. But you don’t stop at internal hacks: you want to build AI-powered features that real users rely on. If you also happen to love data and can navigate a complex database with ease, we want to talk to you.\nPropertyShark is a leading commercial real estate data platform used by brokers, investors, and researchers across the US. As a Technical Analyst-AI & Marketing Intelligence, you’ll own two complementary missions:\nAI Automation for the Marketing Team. Identify manual workflows across the team and replace them with intelligent automation. Build pipelines, connect data sources and tools, create reusable playbooks, and be the go-to person who translates business problems into AI-powered solutions that improve quality and velocity.\nProduct-Facing AI Features. Design and build AI-powered experiences for PropertyShark’s clients. This includes prototyping AI assistants, AI-assisted search and research workflows, and agentic systems that connect to live data through tool-use architectures and MCP servers. You’ll take these from concept through testing, evaluation, and production-readiness.\nThis hybrid role requires working from the office at least once a week, so please take into account that you should be based in or near Cluj-Napoca.\n\nWhat You\'ll Bring Along\n2+ years in a data-heavy analyst or technical role where you worked with large datasets, built reports, or automated workflows\nBachelor\'s degree in Marketing, Business, Computer Science, or related field is preferred but not required\nHands-on experience designing and deploying AI agents or AI-powered workflows using LLMs (OpenAI, Claude, or similar), including prompt engineering and tool-use / function-calling patterns\nExperience with automation platforms (n8n, Flowise, Zapier, or custom API orchestrations)\nWorking knowledge of Python, enough to build, adapt, and troubleshoot data pipelines, automation scripts, and AI integrations (with or without AI assistance)\nUnderstanding of agentic AI concepts: multi-step reasoning, tool-use architectures, context management, and connecting agents to external data via APIs or MCP servers\nSolid SQL skills for querying large databases\nStrong analytical thinking, attention to detail, and clear communication skills\nNice to have:\nExperience with LLM evaluation, testing, and observability tools (e.g., LangSmith, custom eval frameworks)\nFamiliarity with LangChain, LlamaIndex, CrewAI, or similar agent/orchestration frameworks\nPortfolio of previous AI, automation, or data analysis projects you can walk us through\nBackground in marketing operations or marketing technology\nExperience with data visualization tools (Looker, Tableau, Power BI)\nAdvanced Excel skills (pivot tables, Power Query, data modeling, VBA/macros)\nFamiliarity with real estate data, SEO tools, or product analytics\n\nWhat You\'ll Do\nAI Automation & Workflow Intelligence\nAudit the marketing team’s workflows; identify repetitive, manual processes and design AI-powered replacements: from prompt-based automation to multi-step agent pipelines\nBuild and maintain automations using platforms like n8n, Flowise, or custom API orchestrations, connecting internal tools, CRMs, analytics platforms, and data sources\nDocument every solution into reusable playbooks so the team can adopt, maintain, and extend your work independently\nBe the team’s AI advisor: evaluate new tools, run proof-of-concepts, and help marketers integrate AI into their daily work\nData & Analytics\nBuild and maintain marketing dashboards, KPIs, and analytics reports across website traffic, user behavior, and business metrics\nDig into large real estate datasets using SQL and Python; turn numbers into actionable decisions\nIdentify data-driven opportunities where predictive models or AI features could enhance the platform\nProduct AI & Agentic Systems\nDesign and prototype AI-driven features for the PropertyShark platform: AI assistants, conversational property research tools, AI-assisted workflows for clients\nArchitect agentic AI systems: multi-step agents that reason, call tools, and interact with live real estate data through MCP (Model Context Protocol) servers and API integrations\nBuild evaluation and testing frameworks for AI outputs: define quality metrics, detect hallucinations, run systematic evals and set up logging and observability for production agents\nCollaborate with product and engineering teams to move prototypes from proof-of-concept to reliable, production-grade features\n\nWhat you\'ll enjoy once you become part of the Yardi Romania team:\nA flexible hybrid work setup that blends the best of remote and office life.\nUp to $2,000 per year reimbursed for eligible learning and professional development expenses.\n40 RON/working day meal tickets (taxable according to current legislation).\nUp to 26 vacation days to recharge your energy, based on tenure.\nComprehensive private medical insurance (including dental care, physiotherapy & psychotherapy) for you and your dependents.\nUp to 20 days of EU remote work per year, subject to current policy.\nAnnual salary review to keep it in line with your performance and industry changes.\nThe possibility of a yearly bonus through our profit-sharing program.\nLife insurance for you & global travel insurance for you and your family.\nCurrently granting a fixed monthly Work/Life Stipend for your well-being activities.\nDiscounts at gyms, restaurants, and other service providers.\nAll necessary equipment provided for both home and office setups.\nA modern, central workspace @ The Office in Cluj-Napoca, with an open-air terrace and game rooms to unwind.\nFresh fruit, snacks, and specialty coffee available daily at the office.\nEngaging office events, themed parties, and team buildings.', 77, 'SALVAT', NULL, NULL, '2026-05-24 21:43:17', '2026-05-24 20:24:01', 2, '2+ ani', 'BACHELOR', 'Licență', 0, 1),
(183, NULL, 4, 'Business Analyst - Medical Devices', 'dotLumen', 'România', NULL, NULL, NULL, NULL, 'BUSINESS', 'Gradient Boosting', 0.5411, '[{\"category\": \"BUSINESS\", \"probability\": 0.5411}, {\"category\": \"DATA\", \"probability\": 0.4589}, {\"category\": \"AI_ML\", \"probability\": 0}, {\"category\": \"BACKEND\", \"probability\": 0}, {\"category\": \"BI\", \"probability\": 0}, {\"category\": \"FRONTEND\", \"probability\": 0}, {\"category\": \"FULLSTACK\", \"probability\": 0}, {\"category\": \"PM\", \"probability\": 0}, {\"category\": \"QA\", \"probability\": 0}]', NULL, NULL, NULL, NULL, NULL, NULL, 'Despre job\n300 million people need your skills to change their lives. \nFor thousands of years, blind individuals only had 2 mobility solutions: the guide dog and the white cane. Now, your work can change that. You can contribute to bringing the Glasses for the Blind, the most innovative mobility solution that will empower millions to live a better life, to Europe and beyond. \nThis is for the crazy ones, the ones who believe their work can change the world.\n\nWhat You’ll be doing:\nWork out the finer details of introducing medical devices into various countries around Europe and figure out how the Glasses for the Blind can fit into the specifics of regional insurance systems \nAnalyze reimbursement pathways, government programs and sheltered workshop schemes for assistive technologies across EU markets \nGather lots of data, build insights and contribute heavily go-to market plans\nConduct research on markets, pricing, reimbursement and distribution structures\nIdentify partnership opportunities with distributors and market-entry partners, contribute to our distribution strategy. \nAssist the Business Development team in winning & managing business partnerships, ranging from market-entry partners, technological partners, or marketing partners.\n\nYour skills\nFirst and foremost, curiosity, structure and accountability. What you will be doing is on the cutting edge of what is possible and has never been done before.\nStrong analytical mindset – you love data, dashboards and most of all making sense of chaos\nYou are a top-performing individual with a background or strong interest in Sales and Revenue Ops, Business Analysis\nProcess design and tooling decisions – figure out how to do things better – implement – teach others\nComfortable working with CRM systems and data tools \nYou have the ability to collect, organize, analyze, and interpret data and information with attention to detail and accuracy. Like seriously, you must be obsessed with organization and playing Sherlock. \nGraduate of Law, Economics, or similar academic background.\n\nYour life @.lumen\nYou will be part of the team that changed the world. Your work will ultimately improve the lives of many.\n· Each day is different. There is no monotony here, just great challenges, a creative environment, and fun colleagues.\n· Your work will be used in days, not years.\n· You will work within a small team, complementing each other. \n· You’ll receive a lot of support. \n\nWhat else we offer?\n· Attractive salary (obviously…) \n· Employee Stock Option Program through which employees that bring a significant impact are rewarded with company stock \n· Flexible schedule \n\nWhat’s next?\nOur recruitment process includes 4 steps:\n1. We review your application \n2. The most suited candidates meet us for an informal discussion \n3. Next, we invite the best to join a challenge led by Cornel Amariei\n4. We get to meet the winner for the final interview with Cornel Amariei\n\nAbout .lumen\n.lumen builds Pedestrian Autonomous Driving, first showcased in the Glasses for the Blind.\nThere are over 300 million visually impaired individuals worldwide, and while technology advances, the most commonly used solutions for them—guide dogs and white canes—are thousands of years old. At .lumen, we are changing this paradigm.\n.lumen is a research startup leveraging the most advanced AI, robotics, and neuroscience technologies to empower the blind. This is no easy task, and we are looking for the best in the world to help us achieve it.\nIn just four years, .lumen has become one of the most awarded startups globally. From opening Nvidia GTC in front of millions to winning the Red Dot: Luminary award and becoming the first Romanian company to raise over €9 million from the European Innovation Council (EIC), our journey has been remarkable.\n\nOur work is already in the history books, and our story is still being written. \nCome write it with us. Also, check our video: https://www.youtube.com/watch?v=Im-Gsn5PKG8', 100, 'SALVAT', NULL, NULL, '2026-05-24 21:53:32', '2026-05-24 19:54:47', 0, '0 ani / entry-level', NULL, NULL, 1, NULL),
(188, NULL, 4, 'IBM internship Data Engineer', 'IBM', 'Nespecificat', 'HYBRID', 'INTERNSHIP', NULL, NULL, 'DATA', 'Gradient Boosting', 0.3107, '[{\"category\": \"DATA\", \"probability\": 0.3107}, {\"category\": \"FRONTEND\", \"probability\": 0.1305}, {\"category\": \"BACKEND\", \"probability\": 0.1158}, {\"category\": \"BUSINESS\", \"probability\": 0.1006}, {\"category\": \"AI_ML\", \"probability\": 0.0849}, {\"category\": \"BI\", \"probability\": 0.0849}, {\"category\": \"QA\", \"probability\": 0.0849}, {\"category\": \"PM\", \"probability\": 0.0523}, {\"category\": \"FULLSTACK\", \"probability\": 0.0353}]', NULL, NULL, NULL, NULL, NULL, NULL, 'Introduction\n\nA career in IBM Consulting is built on long-term client relationships and close collaboration worldwide. You’ll work with leading companies across industries, helping them shape their hybrid cloud and AI journeys. With support from our strategic partners, robust IBM technology, and Red Hat, you’ll have the tools to drive meaningful change and accelerate client impact. At IBM Consulting, curiosity fuels success. You’ll be encouraged to challenge the norm, explore new ideas, and create innovative solutions that deliver real results. Our culture of growth and empathy focuses on your long-term career development while valuing your unique skills and experiences.\n\nYour Role And Responsibilities\n\nThe internship program is offered for a fixed period of 3 months, with the possibility of extending the collaboration based on performance and business needs. During the recruitment process, you may receive a call from our colleagues on the international team (from a Hungarian or Slovak number). Please answer, as the call is related to your application.\n\nData Engineering Internship consist of development of the Snowflake‑based Data Hub by assisting in the setup and integration of non‑production environments and ensuring alignment with the organization’s infrastructure standards. You will contribute to deployment pipelines and code repositories, and assist in establishing automated CI/CD processes. You will also support the integration of central job control to enable orchestrated ETL/ELT workflows, working closely with infrastructure teams to ensure secure and compliant implementation.\n\nPreferred Education\n\nMaster\'s Degree\n\nRequired Technical And Professional Expertise\n\nBasic understanding of Python programming and SQL.\n\nInterest in data engineering, ETL processes or analytics.\n\nFamiliarity with concepts such as joins, aggregations, filtering, or basic scripting.\n\nProblem-solving mindset and willingness to learn new technologies.\n\nGood communication skills and ability to work collaboratively in a team environment.\n\nCuriosity, initiative, and eagerness to grow technically and professionally.\n\nPreferred Technical And Professional Experience\n\nExposure to PySpark, Pandas, or any data-related projects.\n\nBasic understanding of databases or cloud platforms.\n\nPersonal, academic, or GitHub projects related to Python, data processing, or automation.', 70, 'SALVAT', NULL, NULL, '2026-05-24 22:50:04', '2026-06-03 11:47:58', NULL, NULL, 'MASTER', 'Master', NULL, 1),
(189, NULL, 4, 'Graduate software engineer', 'Bending Spoons', 'Cluj-Napoca', 'REMOTE', 'PART_TIME', NULL, NULL, 'DATA', 'Gradient Boosting', 0.1996, '[{\"category\": \"DATA\", \"probability\": 0.1996}, {\"category\": \"FRONTEND\", \"probability\": 0.1515}, {\"category\": \"BACKEND\", \"probability\": 0.1344}, {\"category\": \"BUSINESS\", \"probability\": 0.1168}, {\"category\": \"BI\", \"probability\": 0.0987}, {\"category\": \"AI_ML\", \"probability\": 0.0986}, {\"category\": \"QA\", \"probability\": 0.0986}, {\"category\": \"PM\", \"probability\": 0.0608}, {\"category\": \"FULLSTACK\", \"probability\": 0.041}]', NULL, NULL, NULL, NULL, NULL, NULL, 'Despre job\nAt Bending Spoons, we’re striving to build one of the all-time great companies. A company that serves a huge number of customers. A company where team members grow to their full potential. A company that functions at unparalleled levels of effectiveness and efficiency. A company that creates value for shareowners at an extraordinary rate. And a company that does so while adhering to high ethical standards.\n\nIn pursuit of this objective, we acquire and improve digital businesses, not to sell on, but to own and operate for the long term. The transformations we make are often deep—designed to speed up innovation, benefit customers, and strengthen business performance. Here, hierarchy is minimal and teams are small and talent-dense. We operate established products with the ambition, agility, and urgency of a startup. Across the company, we integrate AI deeply into how we work so that human judgment and machine intelligence reinforce each other.\n\nFor a talented, driven, and collaborative individual, working at Bending Spoons is an opportunity to learn, make an impact, and progress their career at an exceptionally high rate. That’s our promise to such a candidate.\n\nA few examples of your responsibilities\nBuild software that matters. Take real ownership from idea to production, creating systems used by millions and evolving them into products at scale.\nAmplify your impact with AI. Integrate the most powerful AI tools directly into your development workflow—design, implementation, testing, and documentation—to move faster while maintaining high standards for correctness, reliability, and maintainability.\nMaster your toolkit. Work across diverse stacks with end-to-end ownership, choosing the right technologies for each challenge. From monoliths to microservices, gRPC to REST, Kubernetes to Docker, Python to Rust—you’ll apply technologies thoughtfully, focusing on depth and purpose rather than trends.\nSimplify relentlessly. Question every layer of complexity. Improve architectures, pipelines, and codebases to build systems that are simpler, more scalable, and easier to maintain.\n\nWhat we look for\nReasoning ability. Given the necessary knowledge, you can solve complex problems. You think from first principles, and structure your ideas sharply. You resist the influence of biases. You identify and take care of the details that matter.\nDrive. You’re extremely ambitious in everything you do—and your initiative, effort, and tenacity match the intensity of your ambition. You feel deeply responsible for your work. You hold yourself to a high—and rising—bar.\nTeam spirit. You give generously and without the expectation of receiving in return. You support the best idea, not your idea. You\'re always happy to get your hands dirty to help your team. You’re reliable, honest, and transparent.\nProficiency in English. You read, write, and speak proficiently in English.\n\nWhat we offer\nIncredibly talented, entrepreneurial teams. You’ll work in small, result-oriented, autonomous teams alongside some of the brightest people in your field.\nAn exceptional opportunity for growth. We go to great lengths to hire individuals of outstanding potential—then, our priority is to put them in the ideal position to thrive. Spooners in their 20s lead products worth hundreds of millions of dollars. And if you’ve got what it takes, you’ll soon be playing an essential role in major projects, too.\nCompetitive pay and access to equity in the company. Typically, we offer individuals at the start of their career an annual salary of £85,797 in London and €66,065 elsewhere in Europe. For a candidate that we assess as possessing considerable relevant experience, the salary on offer tends to be between £112,189 and £250,512 in London, and €107,837 and €188,848 elsewhere in Europe. Compensation varies by location and expected impact, and grows rapidly as you gain experience and translate it into greater contributions. For individuals who demonstrate exceptional capability, we may offer compensation that extends beyond the usual ranges to reflect their higher expected impact. If you\'re offered a permanent contract, you\'ll also be able receive some of your pay in company equity at a discounted price, thus participating in the value creation we achieve together. If relocating to Italy, you may enjoy a 50% tax cut.\nAll. These. Benefits. Flexible hours, remote working, unlimited backing for learning and training, top-of-the-market health insurance, a rich relocation package, generous parental support, and a yearly retreat to a stunning location. We help each Spooner set up the conditions to do their best work.\nA flexible start date and part-time options. You don\'t need to wait until graduation to apply. We offer flexible start dates and the possibility to begin part-time, transitioning to full-time as you complete your degree. Many Spooners joined before graduating and progressively took on greater responsibility, with arrangements that allowed them to do so without compromising their education.\n\nCommitment & contract\nPermanent or fixed-term. Full-time.\n\nLocation\nMilan (Italy), London (UK), Madrid (Spain), Warsaw (Poland) or remote in selected countries.\n\nThe selection process\nIn our screening process, we prioritize verifiable signals of excellence, regardless of seniority. There are no preferential paths beyond what your application demonstrates, and we evaluate every candidate through the same process. Some people hold back because they feel they lack experience or have an “imperfect” CV. If you like the role and believe you could excel over time, don’t self-reject.\n\nAll applications go through our careers page, which is the only way to be considered. If you pass our screening, you’ll be asked to complete one or more tests. They are challenging, may involve unfamiliar problems, and can take several hours.\n\nWe set the bar high and won’t extend an offer until we’re confident we’ve found the right candidate. This is why a job may remain open for months or be reposted several times.\n\nWe consider all applicants for employment and provide reasonable accommodations for individuals with disabilities—please let us know through this form.\n\nBefore you apply\nIf you’ve applied before but didn\'t receive an offer, we recommend waiting at least one year before applying again.\n\nBending Spoons is a demanding environment. We’re extremely ambitious and we hold ourselves—and one another—to a high standard. While this tends to lead to extraordinary learning, achievement, and career growth, it also requires significant commitment.\n\nTo help you ramp up quickly and set yourself up for success, we recommend spending your first few months working from our Milan office, regardless of your long-term work location. It’s the best way to rapidly absorb our company culture and build trust with your new teammates. We’ll support you with generous travel and accommodation assistance. After that, you’re welcome to work from our offices in Milan or London, or remotely from approved countries—depending on what we agree at the offer stage.\n\nIf the role speaks to you and you’re excited to give your best, we’d love to hear from you. Apply now—we can’t wait to meet you.', 83, 'INTERVIU', NULL, NULL, '2026-05-26 12:35:21', '2026-06-07 21:26:33', 0, NULL, 'BACHELOR', 'Licență', NULL, NULL),
(190, NULL, 4, 'Working Student Data Scientist', 'Bosch', 'Cluj-Napoca', 'HYBRID', NULL, NULL, NULL, 'DATA', 'Gradient Boosting', 0.1996, '[{\"category\": \"DATA\", \"probability\": 0.1996}, {\"category\": \"FRONTEND\", \"probability\": 0.1515}, {\"category\": \"BACKEND\", \"probability\": 0.1344}, {\"category\": \"BUSINESS\", \"probability\": 0.1168}, {\"category\": \"AI_ML\", \"probability\": 0.0986}, {\"category\": \"BI\", \"probability\": 0.0986}, {\"category\": \"QA\", \"probability\": 0.0986}, {\"category\": \"PM\", \"probability\": 0.0608}, {\"category\": \"FULLSTACK\", \"probability\": 0.041}]', NULL, NULL, NULL, NULL, NULL, NULL, 'Despre job\nAbout Bosch Engineering Center Cluj\n\nSince its establishment in 2013, Bosch Engineering Center Cluj plays an essential role in the current transformation of the mobility sector. Through its extensive expertise in software, hardware & mechanical engineering, reliability engineering, as well as sales planning, the center contributes to the development of innovative products and services based on artificial intelligence (AI) applied in the fields of automated driving, electric and connected mobility. Thanks to the diverse professional and personal development opportunities, flexible working conditions, modern offices and laboratories in Cluj-Napoca, Jucu, Bucharest and Sibiu, we are one of the most desired employers among engineers and IT professionals in Romania.\n\nOur promise to our colleagues is rock-solid: we grow together, we enjoy our work, and inspire each other. Join us and see the difference.\n\nWork LikeABosch\n\n\n\nJob Description\n\nWe are looking for university students that are interested in gaining experience in Data Science.\n\n \n\nAs a Working Student in the Data Science group, you will work with us on creating data-driven products and service development for mobility area. Smart services for mobility are also provided in the context of creating high performance teams working together with an internationally distributed team, in a hybrid working model. Become part of our team and join us in creating state of the art data products.\n\nAs a member of our team you take part in topics such as: \n\nDevelop and apply statistical, data mining, machine learning and AI algorithms;\nCreate data products and services for use cases from different domains of Mobility Area where you will use various data types from images, sensor data, unstructured text to solve real life problems;\nWork with a large variety of data sources: from databases, log files to sensor event streams or images;\nDevelop and maintain the data science solution libraries, data visualizations and analytics results;\nHave active participation and responsibility in each phase of the CRISP-DM cycle.\n\nQualifications\n\nBachelor or master’s studies in progress in Computer Science, Automation, Information Theory, Informatics, Mathematics or comparable fields;\nWorked with: Python, PySpark, SQL;\nBasic knowledge/heard of: Large Language Models, Cloud Computing, Azure, Mongo, SQL, Docker, Pandas, Numpy, Seaborn, etc.;\nContact with version source control (e.g. Git, Bitbucket);\nKnow-how from the following fields: Data mining and Statistical Analysis, Data Visualization, Machine Learning, Artificial Intelligence, Data preprocessing;\nYou are genuinely curious to solve real life problems, understand capabilities of new technologies, create useful digital products and services.\nExcellent communication skills in English, both spoken and written are mandatory.\n\nAdditional Information\n\nLikeABosch Benefits:\n\nYour work-life balance is valuable to us, so we offer you:\n\n25 Days of annual leave, because work-life balance is essential to us; \nFlexible working hours and if you want to work from somewhere else than the office, our Home Office program helps you do that for up to  70% of your working time/month.\nYour health and well-being is important to us, so we have you covered:\n\nMedical subscription;\nAccident insurance;\nSport activities and well-being initiatives.\nWe believe in a Life-Long Learning approach, so you can take advantage of:\n\nTechnical and soft skills trainings;\nAccess to e-learning platforms;\nLocal and Global career development programs;\nOpportunity to attend conferences;\nBookster subscription.\nYou will be part of a product company. You will contribute to developing end-to-end products that are delivered to Global OEMs.\n\nOn top of these, we are offering:\n\nA monthly budget which can be used for several different services on an online benefit platform;\nAnnual bonus;\nLunch discounts.\nReady to work LikeABosch?\n\nWe live by our values, have an open feedback culture and there is plenty of room for innovative ideas. All because a team is only as valuable as its members.', 50, 'APLICAT', NULL, NULL, '2026-06-03 14:47:14', '2026-06-07 21:26:33', NULL, NULL, 'MASTER', 'Master', NULL, 0),
(191, NULL, 4, 'Junior Full Stack Developer', 'TechNova Solutions', 'Nespecificat', 'HYBRID', NULL, NULL, NULL, 'FULLSTACK', 'Gradient Boosting', 0.7510, '[{\"category\": \"FULLSTACK\", \"probability\": 0.751}, {\"category\": \"BACKEND\", \"probability\": 0.2489}, {\"category\": \"FRONTEND\", \"probability\": 0.0001}, {\"category\": \"AI_ML\", \"probability\": 0}, {\"category\": \"BI\", \"probability\": 0}, {\"category\": \"BUSINESS\", \"probability\": 0}, {\"category\": \"DATA\", \"probability\": 0}, {\"category\": \"PM\", \"probability\": 0}, {\"category\": \"QA\", \"probability\": 0}]', NULL, NULL, NULL, NULL, NULL, NULL, 'Companie fictivă\n\nTechNova Solutions\n\nDescriere:\n\nTechNova Solutions este o companie software specializată în dezvoltarea de aplicații web și soluții digitale pentru companii din domeniul financiar și al comerțului electronic. Compania dezvoltă produse utilizând tehnologii moderne și încurajează învățarea continuă și dezvoltarea profesională a angajaților.\n\n⸻\n\nAnunț de job fictiv\n\nTechNova Solutions își extinde echipa și caută un Junior Full Stack Developer pasionat de dezvoltarea aplicațiilor web moderne.\n\nResponsabilități:\n\n* Dezvoltarea și întreținerea aplicațiilor web;\n* Implementarea componentelor frontend utilizând React;\n* Dezvoltarea serviciilor backend folosind Node.js și Express;\n* Integrarea și optimizarea bazelor de date MySQL;\n* Participarea la testarea și documentarea aplicațiilor;\n* Colaborarea cu membrii echipei în cadrul proiectelor software.\n\nCerințe:\n\n* Cunoștințe de JavaScript;\n* Experiență cu React;\n* Cunoștințe Node.js și Express;\n* Baze de date relaționale (MySQL);\n* HTML și CSS;\n* Git și GitHub;\n* Înțelegerea principiilor REST API;\n* Cunoștințe de bază despre autentificare JWT;\n* Abilități de rezolvare a problemelor și lucru în echipă.\n\nReprezintă un avantaj:\n\n* Python;\n* Machine Learning;\n* Docker;\n* TypeScript;\n* Experiență cu metodologii Agile.\n\nBeneficii:\n\n* Program flexibil;\n* Mentorat tehnic;\n* Buget anual pentru cursuri și certificări;\n* Posibilitatea de lucru hibrid;\n* Participare la proiecte reale de dezvoltare software.', 100, 'SALVAT', NULL, NULL, '2026-06-07 23:56:44', '2026-06-07 21:26:42', 0, '0 ani / entry-level', NULL, NULL, 1, NULL),
(192, NULL, 4, 'IT Support Working Student', 'BMW TechWorks Romania', 'Nespecificat', NULL, 'INTERNSHIP', NULL, NULL, 'PM', 'Gradient Boosting', 0.8788, '[{\"category\": \"PM\", \"probability\": 0.8788}, {\"category\": \"DATA\", \"probability\": 0.0369}, {\"category\": \"BACKEND\", \"probability\": 0.0157}, {\"category\": \"FRONTEND\", \"probability\": 0.0157}, {\"category\": \"BUSINESS\", \"probability\": 0.0136}, {\"category\": \"AI_ML\", \"probability\": 0.0115}, {\"category\": \"BI\", \"probability\": 0.0115}, {\"category\": \"QA\", \"probability\": 0.0115}, {\"category\": \"FULLSTACK\", \"probability\": 0.0048}]', NULL, NULL, NULL, NULL, NULL, NULL, 'Despre job\nWho We Are\n\nEverything at BMW TechWorks begins with passion. It transforms a job into a calling. It motivates us to continually reinvent mobility and bring new ideas to life and onto the roads. Passion for collaborative projects turns a team into a strong unit where every viewpoint is appreciated.\n\nWhatever You Aspire To, At BMW TechWorks We Live And Breathe Software And We Offer a Wide Variety Of Departments And Fields Where You Can Share Your Professional Passion With Us. By Delivering Software All The Way From The Idea To The Final Product, We Lead BMW Into The Future Of Digitalization And Mobility. And This Also Means\n\nWe search for excellence \nWe get involved \nWe keep it simple \nWe share trust \n\nJoin BMW TechWorks on our journey of innovation and excellence as we redefine the future of motion, one product at a time. Our engineers are vital to the innovation and digitalization of BMW Group\'s driving machines, production, sales and banking processes, and you could be part of our evolving teams.\n\nWhat Awaits You\n\nDuring this 6-month internship, you will be part of the IT Support team and contribute to daily operational activities, gaining hands-on experience with enterprise IT systems and end-user support.\n\nMain Responsibilities\n\nProvide first-level technical support (L1) for hardware, software, and network-related issues\nAssist users with Microsoft 365 services (Outlook, Teams, OneDrive, SharePoint)\nSupport user account management tasks (password resets, access requests, group memberships) in Entra ID (Azure AD)\nHelp with device setup and configuration (Windows laptops, MacBooks, mobile devices)\nAssist in troubleshooting common IT issues (connectivity, applications, printing, etc.)\nSupport software installation and updates according to company standards\nContribute to IT asset management (inventory tracking, device lifecycle support)\nAssist with Intune-related activities (basic device enrollment, policy checks, compliance status)\nDocument incidents, solutions, and internal procedures in the ticketing system\nCollaborate with senior IT team members on ongoing projects and improvements\nParticipation in IT security and compliance initiatives (endpoint protection, access control)\nBasic scripting or automation tasks (PowerShell – optional)\nSupporting rollout of IT policies or tools (e.g., deployment via Intune)\nAssisting in documentation creation (guides, internal knowledge base)\n\nWhat Should You Bring Along\n\nWe are looking for a motivated candidate eager to learn and grow in an IT support environment.\n\nMandatory Requirements\n\nUniversity Degree in Computer Science, Information Technology, Engineering, or a related field (or currently enrolled)\n0–1 year of experience (internship experience or academic projects in IT is a plus)\nBasic understanding of operating systems (Windows and/or macOS)\nBasic knowledge of networking concepts (IP, DNS, connectivity troubleshooting)\nFamiliarity with Microsoft 365 is a plus\nExcellent English verbal and written skills\nStrong communication and customer-oriented mindset\nWillingness to learn and adapt in a fast-paced environment\n\nNice To Have\n\nGerman communication skills will be a plus\nBasic knowledge of Entra ID / Active Directory\nExposure to Intune / device management tools\nBasic scripting knowledge (PowerShell)\nUnderstanding of IT security basics\n\nWhat do we offer?\n\nChallenging projects with which we are shaping the mobility of tomorrow. \nGreat team spirit within an international team \nState-of-the-art global IT landscape and processes \n100% implementation of the Agile Working Model methodology \nWide range of personal & professional development opportunities \nHigh level of job security \nWork-Life-Balance and flexible working hours. \nDynamic and highly-motivating work environment', 60, 'SALVAT', NULL, NULL, '2026-06-26 18:34:20', '2026-06-26 15:34:20', 0, '0-1 ani', 'BACHELOR', 'Licență', 1, 1);

--
-- Dumping data for table `job_skills`
--

INSERT INTO `job_skills` (`job_id`, `skill_id`, `required_level`, `detected_by`) VALUES
(104, 4, 1, 'DATASET'),
(104, 7, 1, 'DATASET'),
(104, 43, 1, 'DATASET'),
(104, 45, 1, 'DATASET'),
(104, 54, 1, 'DATASET'),
(104, 56, 1, 'DATASET'),
(105, 4, 1, 'DATASET'),
(105, 43, 1, 'DATASET'),
(105, 45, 1, 'DATASET'),
(105, 47, 1, 'DATASET'),
(105, 57, 1, 'DATASET'),
(105, 58, 1, 'DATASET'),
(106, 6, 1, 'DATASET'),
(106, 7, 1, 'DATASET'),
(106, 29, 1, 'DATASET'),
(106, 50, 1, 'DATASET'),
(106, 52, 1, 'DATASET'),
(106, 53, 1, 'DATASET'),
(107, 4, 1, 'DATASET'),
(107, 6, 1, 'DATASET'),
(107, 8, 1, 'DATASET'),
(107, 12, 1, 'DATASET'),
(107, 28, 1, 'DATASET'),
(107, 59, 1, 'DATASET'),
(108, 4, 1, 'DATASET'),
(108, 6, 1, 'DATASET'),
(108, 7, 1, 'DATASET'),
(108, 12, 1, 'DATASET'),
(108, 53, 1, 'DATASET'),
(108, 57, 1, 'DATASET'),
(109, 6, 1, 'DATASET'),
(109, 7, 1, 'DATASET'),
(109, 12, 1, 'DATASET'),
(109, 29, 1, 'DATASET'),
(109, 50, 1, 'DATASET'),
(109, 60, 1, 'DATASET'),
(110, 4, 1, 'DATASET'),
(110, 5, 1, 'DATASET'),
(110, 12, 1, 'DATASET'),
(110, 28, 1, 'DATASET'),
(110, 54, 1, 'DATASET'),
(110, 56, 1, 'DATASET'),
(111, 4, 1, 'DATASET'),
(111, 12, 1, 'DATASET'),
(111, 31, 1, 'DATASET'),
(111, 43, 1, 'DATASET'),
(111, 57, 1, 'DATASET'),
(111, 60, 1, 'DATASET'),
(112, 4, 1, 'DATASET'),
(112, 7, 1, 'DATASET'),
(112, 43, 1, 'DATASET'),
(112, 45, 1, 'DATASET'),
(112, 51, 1, 'DATASET'),
(112, 54, 1, 'DATASET'),
(113, 4, 1, 'DATASET'),
(113, 6, 1, 'DATASET'),
(113, 12, 1, 'DATASET'),
(113, 50, 1, 'DATASET'),
(113, 52, 1, 'DATASET'),
(114, 4, 1, 'DATASET'),
(114, 6, 1, 'DATASET'),
(114, 7, 1, 'DATASET'),
(114, 29, 1, 'DATASET'),
(114, 53, 1, 'DATASET'),
(114, 55, 1, 'DATASET'),
(115, 4, 1, 'DATASET'),
(115, 6, 1, 'DATASET'),
(115, 8, 1, 'DATASET'),
(115, 12, 1, 'DATASET'),
(115, 50, 1, 'DATASET'),
(115, 59, 1, 'DATASET'),
(116, 4, 1, 'DATASET'),
(116, 6, 1, 'DATASET'),
(116, 7, 1, 'DATASET'),
(116, 12, 1, 'DATASET'),
(116, 50, 1, 'DATASET'),
(117, 4, 1, 'DATASET'),
(117, 7, 1, 'DATASET'),
(117, 29, 1, 'DATASET'),
(117, 51, 1, 'DATASET'),
(117, 54, 1, 'DATASET'),
(117, 61, 1, 'DATASET'),
(118, 4, 1, 'DATASET'),
(118, 6, 1, 'DATASET'),
(118, 7, 1, 'DATASET'),
(118, 52, 1, 'DATASET'),
(118, 53, 1, 'DATASET'),
(118, 55, 1, 'DATASET'),
(119, 4, 1, 'DATASET'),
(119, 6, 1, 'DATASET'),
(119, 31, 1, 'DATASET'),
(119, 45, 1, 'DATASET'),
(119, 56, 1, 'DATASET'),
(119, 57, 1, 'DATASET'),
(120, 7, 1, 'DATASET'),
(120, 8, 1, 'DATASET'),
(120, 29, 1, 'DATASET'),
(120, 50, 1, 'DATASET'),
(120, 53, 1, 'DATASET'),
(120, 54, 1, 'DATASET'),
(121, 4, 1, 'DATASET'),
(121, 6, 1, 'DATASET'),
(121, 12, 1, 'DATASET'),
(121, 52, 1, 'DATASET'),
(121, 56, 1, 'DATASET'),
(121, 60, 1, 'DATASET'),
(122, 4, 1, 'DATASET'),
(122, 6, 1, 'DATASET'),
(122, 7, 1, 'DATASET'),
(122, 50, 1, 'DATASET'),
(122, 52, 1, 'DATASET'),
(122, 55, 1, 'DATASET'),
(123, 50, 1, 'DATASET'),
(123, 56, 1, 'DATASET'),
(123, 57, 1, 'DATASET'),
(123, 58, 1, 'DATASET'),
(123, 62, 1, 'DATASET'),
(123, 63, 1, 'DATASET'),
(124, 4, 1, 'DATASET'),
(124, 55, 1, 'DATASET'),
(124, 56, 1, 'DATASET'),
(124, 57, 1, 'DATASET'),
(124, 58, 1, 'DATASET'),
(124, 62, 1, 'DATASET'),
(125, 4, 1, 'DATASET'),
(125, 12, 1, 'DATASET'),
(125, 53, 1, 'DATASET'),
(125, 56, 1, 'DATASET'),
(125, 62, 1, 'DATASET'),
(125, 64, 1, 'DATASET'),
(126, 6, 1, 'DATASET'),
(126, 50, 1, 'DATASET'),
(126, 64, 1, 'DATASET'),
(126, 65, 1, 'DATASET'),
(126, 66, 1, 'DATASET'),
(126, 67, 1, 'DATASET'),
(127, 6, 1, 'DATASET'),
(127, 50, 1, 'DATASET'),
(127, 65, 1, 'DATASET'),
(127, 66, 1, 'DATASET'),
(127, 67, 1, 'DATASET'),
(127, 68, 1, 'DATASET'),
(128, 50, 1, 'DATASET'),
(128, 58, 1, 'DATASET'),
(128, 62, 1, 'DATASET'),
(128, 63, 1, 'DATASET'),
(128, 64, 1, 'DATASET'),
(128, 69, 1, 'DATASET'),
(129, 6, 1, 'DATASET'),
(129, 7, 1, 'DATASET'),
(129, 55, 1, 'DATASET'),
(129, 56, 1, 'DATASET'),
(129, 57, 1, 'DATASET'),
(129, 60, 1, 'DATASET'),
(130, 6, 1, 'DATASET'),
(130, 7, 1, 'DATASET'),
(130, 52, 1, 'DATASET'),
(130, 56, 1, 'DATASET'),
(130, 65, 1, 'DATASET'),
(130, 68, 1, 'DATASET'),
(131, 50, 1, 'DATASET'),
(131, 56, 1, 'DATASET'),
(131, 57, 1, 'DATASET'),
(131, 58, 1, 'DATASET'),
(131, 64, 1, 'DATASET'),
(131, 69, 1, 'DATASET'),
(132, 4, 1, 'DATASET'),
(132, 50, 1, 'DATASET'),
(132, 57, 1, 'DATASET'),
(132, 60, 1, 'DATASET'),
(132, 62, 1, 'DATASET'),
(132, 64, 1, 'DATASET'),
(133, 4, 1, 'DATASET'),
(133, 6, 1, 'DATASET'),
(133, 55, 1, 'DATASET'),
(133, 58, 1, 'DATASET'),
(133, 59, 1, 'DATASET'),
(133, 62, 1, 'DATASET'),
(134, 6, 1, 'DATASET'),
(134, 50, 1, 'DATASET'),
(134, 52, 1, 'DATASET'),
(134, 56, 1, 'DATASET'),
(134, 60, 1, 'DATASET'),
(134, 67, 1, 'DATASET'),
(135, 4, 1, 'DATASET'),
(135, 13, 1, 'DATASET'),
(135, 14, 1, 'DATASET'),
(135, 18, 1, 'DATASET'),
(135, 70, 1, 'DATASET'),
(135, 71, 1, 'DATASET'),
(136, 3, 1, 'DATASET'),
(136, 13, 1, 'DATASET'),
(136, 14, 1, 'DATASET'),
(136, 39, 1, 'DATASET'),
(136, 72, 1, 'DATASET'),
(136, 73, 1, 'DATASET'),
(137, 13, 1, 'DATASET'),
(137, 14, 1, 'DATASET'),
(137, 42, 1, 'DATASET'),
(137, 70, 1, 'DATASET'),
(137, 71, 1, 'DATASET'),
(137, 74, 1, 'DATASET'),
(138, 4, 1, 'DATASET'),
(138, 13, 1, 'DATASET'),
(138, 14, 1, 'DATASET'),
(138, 73, 1, 'DATASET'),
(138, 75, 1, 'DATASET'),
(138, 76, 1, 'DATASET'),
(139, 1, 1, 'DATASET'),
(139, 2, 1, 'DATASET'),
(139, 4, 1, 'DATASET'),
(139, 5, 1, 'DATASET'),
(139, 13, 1, 'DATASET'),
(139, 14, 1, 'DATASET'),
(140, 1, 1, 'DATASET'),
(140, 2, 1, 'DATASET'),
(140, 3, 1, 'DATASET'),
(140, 13, 1, 'DATASET'),
(140, 39, 1, 'DATASET'),
(140, 72, 1, 'DATASET'),
(141, 18, 1, 'DATASET'),
(141, 26, 1, 'DATASET'),
(141, 70, 1, 'DATASET'),
(141, 71, 1, 'DATASET'),
(141, 74, 1, 'DATASET'),
(141, 77, 1, 'DATASET'),
(142, 3, 1, 'DATASET'),
(142, 4, 1, 'DATASET'),
(142, 14, 1, 'DATASET'),
(142, 57, 1, 'DATASET'),
(142, 73, 1, 'DATASET'),
(142, 78, 1, 'DATASET'),
(143, 13, 1, 'DATASET'),
(143, 57, 1, 'DATASET'),
(143, 60, 1, 'DATASET'),
(143, 70, 1, 'DATASET'),
(143, 79, 1, 'DATASET'),
(143, 80, 1, 'DATASET'),
(144, 4, 1, 'DATASET'),
(144, 13, 1, 'DATASET'),
(144, 14, 1, 'DATASET'),
(144, 60, 1, 'DATASET'),
(144, 70, 1, 'DATASET'),
(145, 2, 1, 'DATASET'),
(145, 3, 1, 'DATASET'),
(145, 14, 1, 'DATASET'),
(145, 18, 1, 'DATASET'),
(145, 42, 1, 'DATASET'),
(145, 81, 1, 'DATASET'),
(146, 14, 1, 'DATASET'),
(146, 18, 1, 'DATASET'),
(146, 70, 1, 'DATASET'),
(146, 71, 1, 'DATASET'),
(146, 74, 1, 'DATASET'),
(146, 82, 1, 'DATASET'),
(147, 1, 1, 'DATASET'),
(147, 2, 1, 'DATASET'),
(147, 13, 1, 'DATASET'),
(147, 15, 1, 'DATASET'),
(147, 16, 1, 'DATASET'),
(147, 83, 1, 'DATASET'),
(148, 1, 1, 'DATASET'),
(148, 2, 1, 'DATASET'),
(148, 14, 1, 'DATASET'),
(148, 15, 1, 'DATASET'),
(148, 16, 1, 'DATASET'),
(148, 81, 1, 'DATASET'),
(149, 2, 1, 'DATASET'),
(149, 13, 1, 'DATASET'),
(149, 81, 1, 'DATASET'),
(149, 83, 1, 'DATASET'),
(149, 84, 1, 'DATASET'),
(149, 85, 1, 'DATASET'),
(150, 13, 1, 'DATASET'),
(150, 14, 1, 'DATASET'),
(150, 15, 1, 'DATASET'),
(150, 16, 1, 'DATASET'),
(150, 81, 1, 'DATASET'),
(150, 86, 1, 'DATASET'),
(151, 1, 1, 'DATASET'),
(151, 15, 1, 'DATASET'),
(151, 16, 1, 'DATASET'),
(151, 50, 1, 'DATASET'),
(151, 83, 1, 'DATASET'),
(151, 85, 1, 'DATASET'),
(152, 1, 1, 'DATASET'),
(152, 2, 1, 'DATASET'),
(152, 13, 1, 'DATASET'),
(152, 15, 1, 'DATASET'),
(152, 16, 1, 'DATASET'),
(152, 87, 1, 'DATASET'),
(153, 2, 1, 'DATASET'),
(153, 13, 1, 'DATASET'),
(153, 57, 1, 'DATASET'),
(153, 81, 1, 'DATASET'),
(153, 83, 1, 'DATASET'),
(153, 85, 1, 'DATASET'),
(154, 1, 1, 'DATASET'),
(154, 2, 1, 'DATASET'),
(154, 13, 1, 'DATASET'),
(154, 14, 1, 'DATASET'),
(154, 15, 1, 'DATASET'),
(154, 16, 1, 'DATASET'),
(155, 2, 1, 'DATASET'),
(155, 13, 1, 'DATASET'),
(155, 14, 1, 'DATASET'),
(155, 81, 1, 'DATASET'),
(155, 83, 1, 'DATASET'),
(155, 85, 1, 'DATASET'),
(156, 1, 1, 'DATASET'),
(156, 2, 1, 'DATASET'),
(156, 13, 1, 'DATASET'),
(156, 87, 1, 'DATASET'),
(156, 88, 1, 'DATASET'),
(156, 89, 1, 'DATASET'),
(157, 50, 1, 'DATASET'),
(157, 63, 1, 'DATASET'),
(157, 87, 1, 'DATASET'),
(157, 88, 1, 'DATASET'),
(157, 89, 1, 'DATASET'),
(157, 90, 1, 'DATASET'),
(158, 13, 1, 'DATASET'),
(158, 70, 1, 'DATASET'),
(158, 82, 1, 'DATASET'),
(158, 87, 1, 'DATASET'),
(158, 91, 1, 'DATASET'),
(158, 92, 1, 'DATASET'),
(159, 57, 1, 'DATASET'),
(159, 60, 1, 'DATASET'),
(159, 87, 1, 'DATASET'),
(159, 88, 1, 'DATASET'),
(159, 89, 1, 'DATASET'),
(159, 93, 1, 'DATASET'),
(160, 50, 1, 'DATASET'),
(160, 60, 1, 'DATASET'),
(160, 88, 1, 'DATASET'),
(160, 89, 1, 'DATASET'),
(160, 90, 1, 'DATASET'),
(161, 13, 1, 'DATASET'),
(161, 63, 1, 'DATASET'),
(161, 87, 1, 'DATASET'),
(161, 90, 1, 'DATASET'),
(161, 91, 1, 'DATASET'),
(161, 92, 1, 'DATASET'),
(162, 4, 1, 'DATASET'),
(162, 12, 1, 'DATASET'),
(162, 57, 1, 'DATASET'),
(162, 88, 1, 'DATASET'),
(162, 89, 1, 'DATASET'),
(162, 90, 1, 'DATASET'),
(163, 1, 1, 'DATASET'),
(163, 63, 1, 'DATASET'),
(163, 87, 1, 'DATASET'),
(163, 89, 1, 'DATASET'),
(163, 90, 1, 'DATASET'),
(163, 91, 1, 'DATASET'),
(164, 4, 1, 'DATASET'),
(164, 5, 1, 'DATASET'),
(164, 11, 1, 'DATASET'),
(164, 13, 1, 'DATASET'),
(164, 94, 1, 'DATASET'),
(164, 95, 1, 'DATASET'),
(165, 5, 1, 'DATASET'),
(165, 14, 1, 'DATASET'),
(165, 25, 1, 'DATASET'),
(165, 26, 1, 'DATASET'),
(165, 96, 1, 'DATASET'),
(165, 97, 1, 'DATASET'),
(166, 5, 1, 'DATASET'),
(166, 11, 1, 'DATASET'),
(166, 19, 1, 'DATASET'),
(166, 28, 1, 'DATASET'),
(166, 29, 1, 'DATASET'),
(166, 95, 1, 'DATASET'),
(167, 5, 1, 'DATASET'),
(167, 31, 1, 'DATASET'),
(167, 50, 1, 'DATASET'),
(167, 95, 1, 'DATASET'),
(167, 96, 1, 'DATASET'),
(168, 5, 1, 'DATASET'),
(168, 11, 1, 'DATASET'),
(168, 18, 1, 'DATASET'),
(168, 26, 1, 'DATASET'),
(168, 82, 1, 'DATASET'),
(168, 95, 1, 'DATASET'),
(169, 4, 1, 'DATASET'),
(169, 5, 1, 'DATASET'),
(169, 7, 1, 'DATASET'),
(169, 11, 1, 'DATASET'),
(169, 12, 1, 'DATASET'),
(169, 95, 1, 'DATASET'),
(170, 5, 1, 'DATASET'),
(170, 11, 1, 'DATASET'),
(170, 31, 1, 'DATASET'),
(170, 57, 1, 'DATASET'),
(170, 60, 1, 'DATASET'),
(170, 95, 1, 'DATASET'),
(181, 31, 1, 'ANALYSIS'),
(181, 50, 1, 'ANALYSIS'),
(181, 57, 1, 'ANALYSIS'),
(181, 62, 1, 'ANALYSIS'),
(181, 65, 1, 'ANALYSIS'),
(182, 4, 1, 'ANALYSIS'),
(182, 5, 1, 'ANALYSIS'),
(182, 6, 1, 'ANALYSIS'),
(182, 7, 1, 'ANALYSIS'),
(182, 8, 1, 'ANALYSIS'),
(182, 12, 1, 'ANALYSIS'),
(182, 25, 1, 'ANALYSIS'),
(182, 29, 1, 'ANALYSIS'),
(182, 30, 1, 'ANALYSIS'),
(182, 43, 1, 'ANALYSIS'),
(182, 45, 1, 'ANALYSIS'),
(182, 50, 1, 'ANALYSIS'),
(182, 61, 1, 'ANALYSIS'),
(183, 62, 1, 'ANALYSIS'),
(188, 4, 1, 'ANALYSIS'),
(188, 5, 1, 'ANALYSIS'),
(188, 12, 1, 'ANALYSIS'),
(188, 13, 1, 'ANALYSIS'),
(188, 17, 1, 'ANALYSIS'),
(188, 19, 1, 'ANALYSIS'),
(188, 43, 1, 'ANALYSIS'),
(188, 50, 1, 'ANALYSIS'),
(188, 60, 1, 'ANALYSIS'),
(188, 82, 1, 'ANALYSIS'),
(189, 5, 1, 'ANALYSIS'),
(189, 6, 1, 'ANALYSIS'),
(189, 18, 1, 'ANALYSIS'),
(189, 33, 1, 'ANALYSIS'),
(189, 57, 1, 'ANALYSIS'),
(189, 74, 1, 'ANALYSIS'),
(190, 4, 1, 'ANALYSIS'),
(190, 5, 1, 'ANALYSIS'),
(190, 11, 1, 'ANALYSIS'),
(190, 13, 1, 'ANALYSIS'),
(190, 17, 1, 'ANALYSIS'),
(190, 18, 1, 'ANALYSIS'),
(190, 19, 1, 'ANALYSIS'),
(190, 20, 1, 'ANALYSIS'),
(190, 21, 1, 'ANALYSIS'),
(190, 23, 1, 'ANALYSIS'),
(190, 24, 1, 'ANALYSIS'),
(190, 25, 1, 'ANALYSIS'),
(190, 26, 1, 'ANALYSIS'),
(190, 27, 1, 'ANALYSIS'),
(190, 28, 1, 'ANALYSIS'),
(190, 29, 1, 'ANALYSIS'),
(190, 30, 1, 'ANALYSIS'),
(190, 31, 1, 'ANALYSIS'),
(190, 32, 1, 'ANALYSIS'),
(190, 33, 1, 'ANALYSIS'),
(190, 50, 1, 'ANALYSIS'),
(190, 66, 1, 'ANALYSIS'),
(191, 1, 1, 'ANALYSIS'),
(191, 3, 1, 'ANALYSIS'),
(191, 5, 1, 'ANALYSIS'),
(191, 11, 1, 'ANALYSIS'),
(191, 13, 1, 'ANALYSIS'),
(191, 14, 1, 'ANALYSIS'),
(191, 15, 1, 'ANALYSIS'),
(191, 16, 1, 'ANALYSIS'),
(191, 18, 1, 'ANALYSIS'),
(191, 39, 1, 'ANALYSIS'),
(191, 64, 1, 'ANALYSIS'),
(191, 72, 1, 'ANALYSIS'),
(191, 81, 1, 'ANALYSIS'),
(192, 23, 1, 'ANALYSIS'),
(192, 48, 1, 'ANALYSIS'),
(192, 50, 1, 'ANALYSIS'),
(192, 57, 1, 'ANALYSIS'),
(192, 64, 1, 'ANALYSIS');

--
-- Dumping data for table `roadmaps`
--

INSERT INTO `roadmaps` (`id`, `user_id`, `job_id`, `title`, `description`, `status`, `progress`, `created_at`, `updated_at`) VALUES
(40, 1, 104, 'Plan de dezvoltare pentru Business Intelligence Specialist', 'Roadmap generat strict pe baza skillurilor lipsă detectate în cerințele jobului „Business Intelligence Specialist”.', 'NOT_STARTED', 0, '2026-05-20 08:08:55', '2026-05-20 08:08:55'),
(41, 1, 105, 'Plan de dezvoltare pentru Data Warehouse Analyst', 'Roadmap generat strict pe baza skillurilor lipsă detectate în cerințele jobului „Data Warehouse Analyst”.', 'NOT_STARTED', 0, '2026-05-20 08:09:09', '2026-05-20 08:09:09'),
(42, 1, 106, 'Plan de dezvoltare pentru Junior Reporting Specialist', 'Roadmap generat strict pe baza skillurilor lipsă detectate în cerințele jobului „Junior Reporting Specialist”.', 'NOT_STARTED', 0, '2026-05-20 08:09:47', '2026-05-20 08:09:47'),
(43, 4, 181, 'Plan de dezvoltare pentru Information Technology Business Analyst', 'Roadmap generat strict pe baza skillurilor lipsă detectate în cerințele jobului „Information Technology Business Analyst”.', 'COMPLETED', 100, '2026-05-24 18:38:18', '2026-05-24 18:38:50'),
(44, 4, 182, 'Plan de dezvoltare pentru Technical Analyst – AI & Marketing Intelligence', 'Roadmap generat strict pe baza skillurilor lipsă detectate în cerințele jobului „Technical Analyst – AI & Marketing Intelligence”.', 'IN_PROGRESS', 33, '2026-05-24 18:43:32', '2026-05-24 18:43:50'),
(45, 4, 188, 'Plan de dezvoltare pentru IBM internship Data Engineer', 'Roadmap generat strict pe baza skillurilor lipsă detectate în cerințele jobului „IBM internship Data Engineer”.', 'IN_PROGRESS', 33, '2026-05-24 20:16:06', '2026-05-24 20:24:00'),
(46, 4, 189, 'Plan de dezvoltare pentru Graduate software engineer', 'Roadmap generat strict pe baza skillurilor lipsă detectate în cerințele jobului „Graduate software engineer”.', 'IN_PROGRESS', 67, '2026-05-26 09:39:31', '2026-05-26 13:59:35'),
(47, 4, 183, 'Plan de dezvoltare pentru Business Analyst - Medical Devices', 'Roadmap de consolidare pentru rolul „Business Analyst - Medical Devices”, deoarece profilul tău acoperă skillurile detectate.', 'COMPLETED', 100, '2026-05-26 12:46:18', '2026-05-26 12:46:29'),
(48, 4, 190, 'Plan de dezvoltare pentru Working Student Data Scientist', 'Roadmap generat strict pe baza skillurilor lipsă detectate în cerințele jobului „Working Student Data Scientist”.', 'IN_PROGRESS', 8, '2026-06-03 11:49:20', '2026-06-03 11:49:59'),
(49, 4, 191, 'Plan de dezvoltare pentru Junior Full Stack Developer', 'Roadmap generat strict pe baza skillurilor lipsă detectate în cerințele jobului „Junior Full Stack Developer”.', 'IN_PROGRESS', 92, '2026-06-07 20:58:58', '2026-06-07 21:26:41');

--
-- Dumping data for table `roadmap_steps`
--

INSERT INTO `roadmap_steps` (`id`, `roadmap_id`, `skill_id`, `step_order`, `title`, `description`, `status`, `created_at`, `updated_at`) VALUES
(390, 40, NULL, 1, 'Pas 1: Înțelege Dashboard Design', 'Începe cu fundamentele competenței Dashboard Design pentru rolul „Business Intelligence Specialist”. Clarifică ce înseamnă această competență în contextul jobului, ce activități implică și ce rezultate se așteaptă de la tine. Scopul acestui pas este să înțelegi conceptele de bază înainte de aplicare practică.', 'NOT_STARTED', '2026-05-20 08:08:55', '2026-05-20 08:08:55'),
(391, 40, NULL, 2, 'Pas 2: Exersează Dashboard Design', 'Aplică Dashboard Design pe un scenariu apropiat de rolul „Business Intelligence Specialist”. Folosește cerințele din descrierea jobului pentru a construi un exercițiu practic: notează ce problemă trebuie rezolvată, ce informații sunt necesare și ce livrabil ar trebui produs. Acest pas transformă teoria într-o activitate concretă.', 'NOT_STARTED', '2026-05-20 08:08:55', '2026-05-20 08:08:55'),
(392, 40, 54, 3, 'Pas 3: Validează Dashboard Design', 'Finalizează un mini-livrabil care demonstrează competența Dashboard Design pentru rolul „Business Intelligence Specialist”. Exemple: document de cerințe, checklist, mini-raport, test case, user story, query SQL, dashboard simplu sau alt livrabil relevant pentru skill. După finalizarea acestui pas, poți adăuga skillul în catalogul tău de competențe.', 'NOT_STARTED', '2026-05-20 08:08:55', '2026-05-20 08:08:55'),
(393, 40, NULL, 4, 'Pas 4: Înțelege Stakeholder Management', 'Începe cu fundamentele competenței Stakeholder Management pentru rolul „Business Intelligence Specialist”. Clarifică ce înseamnă această competență în contextul jobului, ce activități implică și ce rezultate se așteaptă de la tine. Scopul acestui pas este să înțelegi conceptele de bază înainte de aplicare practică.', 'NOT_STARTED', '2026-05-20 08:08:55', '2026-05-20 08:08:55'),
(394, 40, NULL, 5, 'Pas 5: Exersează Stakeholder Management', 'Aplică Stakeholder Management pe un scenariu apropiat de rolul „Business Intelligence Specialist”. Folosește cerințele din descrierea jobului pentru a construi un exercițiu practic: notează ce problemă trebuie rezolvată, ce informații sunt necesare și ce livrabil ar trebui produs. Acest pas transformă teoria într-o activitate concretă.', 'NOT_STARTED', '2026-05-20 08:08:55', '2026-05-20 08:08:55'),
(395, 40, 56, 6, 'Pas 6: Validează Stakeholder Management', 'Finalizează un mini-livrabil care demonstrează competența Stakeholder Management pentru rolul „Business Intelligence Specialist”. Exemple: document de cerințe, checklist, mini-raport, test case, user story, query SQL, dashboard simplu sau alt livrabil relevant pentru skill. După finalizarea acestui pas, poți adăuga skillul în catalogul tău de competențe.', 'NOT_STARTED', '2026-05-20 08:08:55', '2026-05-20 08:08:55'),
(396, 41, NULL, 1, 'Pas 1: Înțelege Documentation', 'Începe cu fundamentele competenței Documentation pentru rolul „Data Warehouse Analyst”. Clarifică ce înseamnă această competență în contextul jobului, ce activități implică și ce rezultate se așteaptă de la tine. Scopul acestui pas este să înțelegi conceptele de bază înainte de aplicare practică.', 'NOT_STARTED', '2026-05-20 08:09:09', '2026-05-20 08:09:09'),
(397, 41, NULL, 2, 'Pas 2: Exersează Documentation', 'Aplică Documentation pe un scenariu apropiat de rolul „Data Warehouse Analyst”. Folosește cerințele din descrierea jobului pentru a construi un exercițiu practic: notează ce problemă trebuie rezolvată, ce informații sunt necesare și ce livrabil ar trebui produs. Acest pas transformă teoria într-o activitate concretă.', 'NOT_STARTED', '2026-05-20 08:09:09', '2026-05-20 08:09:09'),
(398, 41, 57, 3, 'Pas 3: Validează Documentation', 'Finalizează un mini-livrabil care demonstrează competența Documentation pentru rolul „Data Warehouse Analyst”. Exemple: document de cerințe, checklist, mini-raport, test case, user story, query SQL, dashboard simplu sau alt livrabil relevant pentru skill. După finalizarea acestui pas, poți adăuga skillul în catalogul tău de competențe.', 'NOT_STARTED', '2026-05-20 08:09:09', '2026-05-20 08:09:09'),
(399, 41, NULL, 4, 'Pas 4: Înțelege Requirements Gathering', 'Începe cu fundamentele competenței Requirements Gathering pentru rolul „Data Warehouse Analyst”. Clarifică ce înseamnă această competență în contextul jobului, ce activități implică și ce rezultate se așteaptă de la tine. Scopul acestui pas este să înțelegi conceptele de bază înainte de aplicare practică.', 'NOT_STARTED', '2026-05-20 08:09:09', '2026-05-20 08:09:09'),
(400, 41, NULL, 5, 'Pas 5: Exersează Requirements Gathering', 'Aplică Requirements Gathering pe un scenariu apropiat de rolul „Data Warehouse Analyst”. Folosește cerințele din descrierea jobului pentru a construi un exercițiu practic: notează ce problemă trebuie rezolvată, ce informații sunt necesare și ce livrabil ar trebui produs. Acest pas transformă teoria într-o activitate concretă.', 'NOT_STARTED', '2026-05-20 08:09:09', '2026-05-20 08:09:09'),
(401, 41, 58, 6, 'Pas 6: Validează Requirements Gathering', 'Finalizează un mini-livrabil care demonstrează competența Requirements Gathering pentru rolul „Data Warehouse Analyst”. Exemple: document de cerințe, checklist, mini-raport, test case, user story, query SQL, dashboard simplu sau alt livrabil relevant pentru skill. După finalizarea acestui pas, poți adăuga skillul în catalogul tău de competențe.', 'NOT_STARTED', '2026-05-20 08:09:09', '2026-05-20 08:09:09'),
(402, 42, NULL, 1, 'Pas 1: Înțelege KPI Analysis', 'Începe cu fundamentele competenței KPI Analysis pentru rolul „Junior Reporting Specialist”. Clarifică ce înseamnă această competență în contextul jobului, ce activități implică și ce rezultate se așteaptă de la tine. Scopul acestui pas este să înțelegi conceptele de bază înainte de aplicare practică.', 'NOT_STARTED', '2026-05-20 08:09:47', '2026-05-20 08:09:47'),
(403, 42, NULL, 2, 'Pas 2: Exersează KPI Analysis', 'Aplică KPI Analysis pe un scenariu apropiat de rolul „Junior Reporting Specialist”. Folosește cerințele din descrierea jobului pentru a construi un exercițiu practic: notează ce problemă trebuie rezolvată, ce informații sunt necesare și ce livrabil ar trebui produs. Acest pas transformă teoria într-o activitate concretă.', 'NOT_STARTED', '2026-05-20 08:09:47', '2026-05-20 08:09:47'),
(404, 42, 53, 3, 'Pas 3: Validează KPI Analysis', 'Finalizează un mini-livrabil care demonstrează competența KPI Analysis pentru rolul „Junior Reporting Specialist”. Exemple: document de cerințe, checklist, mini-raport, test case, user story, query SQL, dashboard simplu sau alt livrabil relevant pentru skill. După finalizarea acestui pas, poți adăuga skillul în catalogul tău de competențe.', 'NOT_STARTED', '2026-05-20 08:09:47', '2026-05-20 08:09:47'),
(405, 43, NULL, 1, 'Pas 1: Înțelege Business Analysis', 'Începe cu fundamentele competenței Business Analysis pentru rolul „Information Technology Business Analyst”. Clarifică ce înseamnă această competență în contextul jobului, ce activități implică și ce rezultate se așteaptă de la tine. Scopul acestui pas este să înțelegi conceptele de bază înainte de aplicare practică.', 'COMPLETED', '2026-05-24 18:38:18', '2026-05-24 18:38:27'),
(406, 43, NULL, 2, 'Pas 2: Exersează Business Analysis', 'Aplică Business Analysis pe un scenariu apropiat de rolul „Information Technology Business Analyst”. Folosește cerințele din descrierea jobului pentru a construi un exercițiu practic: notează ce problemă trebuie rezolvată, ce informații sunt necesare și ce livrabil ar trebui produs. Acest pas transformă teoria într-o activitate concretă.', 'COMPLETED', '2026-05-24 18:38:18', '2026-05-24 18:38:28'),
(407, 43, 62, 3, 'Pas 3: Validează Business Analysis', 'Finalizează un mini-livrabil care demonstrează competența Business Analysis pentru rolul „Information Technology Business Analyst”. Exemple: document de cerințe, checklist, mini-raport, test case, user story, query SQL, dashboard simplu sau alt livrabil relevant pentru skill. După finalizarea acestui pas, poți adăuga skillul în catalogul tău de competențe.', 'COMPLETED', '2026-05-24 18:38:18', '2026-05-24 18:38:30'),
(408, 43, NULL, 4, 'Pas 4: Înțelege Communication', 'Începe cu fundamentele competenței Communication pentru rolul „Information Technology Business Analyst”. Clarifică ce înseamnă această competență în contextul jobului, ce activități implică și ce rezultate se așteaptă de la tine. Scopul acestui pas este să înțelegi conceptele de bază înainte de aplicare practică.', 'COMPLETED', '2026-05-24 18:38:18', '2026-05-24 18:38:35'),
(409, 43, NULL, 5, 'Pas 5: Exersează Communication', 'Aplică Communication pe un scenariu apropiat de rolul „Information Technology Business Analyst”. Folosește cerințele din descrierea jobului pentru a construi un exercițiu practic: notează ce problemă trebuie rezolvată, ce informații sunt necesare și ce livrabil ar trebui produs. Acest pas transformă teoria într-o activitate concretă.', 'COMPLETED', '2026-05-24 18:38:18', '2026-05-24 18:38:37'),
(410, 43, 50, 6, 'Pas 6: Validează Communication', 'Finalizează un mini-livrabil care demonstrează competența Communication pentru rolul „Information Technology Business Analyst”. Exemple: document de cerințe, checklist, mini-raport, test case, user story, query SQL, dashboard simplu sau alt livrabil relevant pentru skill. După finalizarea acestui pas, poți adăuga skillul în catalogul tău de competențe.', 'COMPLETED', '2026-05-24 18:38:18', '2026-05-24 18:38:38'),
(411, 43, NULL, 7, 'Pas 7: Înțelege Documentation', 'Începe cu fundamentele competenței Documentation pentru rolul „Information Technology Business Analyst”. Clarifică ce înseamnă această competență în contextul jobului, ce activități implică și ce rezultate se așteaptă de la tine. Scopul acestui pas este să înțelegi conceptele de bază înainte de aplicare practică.', 'COMPLETED', '2026-05-24 18:38:18', '2026-05-24 18:38:40'),
(412, 43, NULL, 8, 'Pas 8: Exersează Documentation', 'Aplică Documentation pe un scenariu apropiat de rolul „Information Technology Business Analyst”. Folosește cerințele din descrierea jobului pentru a construi un exercițiu practic: notează ce problemă trebuie rezolvată, ce informații sunt necesare și ce livrabil ar trebui produs. Acest pas transformă teoria într-o activitate concretă.', 'COMPLETED', '2026-05-24 18:38:18', '2026-05-24 18:38:41'),
(413, 43, 57, 9, 'Pas 9: Validează Documentation', 'Finalizează un mini-livrabil care demonstrează competența Documentation pentru rolul „Information Technology Business Analyst”. Exemple: document de cerințe, checklist, mini-raport, test case, user story, query SQL, dashboard simplu sau alt livrabil relevant pentru skill. După finalizarea acestui pas, poți adăuga skillul în catalogul tău de competențe.', 'COMPLETED', '2026-05-24 18:38:18', '2026-05-24 18:38:44'),
(414, 43, NULL, 10, 'Pas 10: Înțelege Project Management', 'Începe cu fundamentele competenței Project Management pentru rolul „Information Technology Business Analyst”. Clarifică ce înseamnă această competență în contextul jobului, ce activități implică și ce rezultate se așteaptă de la tine. Scopul acestui pas este să înțelegi conceptele de bază înainte de aplicare practică.', 'COMPLETED', '2026-05-24 18:38:18', '2026-05-24 18:38:47'),
(415, 43, NULL, 11, 'Pas 11: Exersează Project Management', 'Aplică Project Management pe un scenariu apropiat de rolul „Information Technology Business Analyst”. Folosește cerințele din descrierea jobului pentru a construi un exercițiu practic: notează ce problemă trebuie rezolvată, ce informații sunt necesare și ce livrabil ar trebui produs. Acest pas transformă teoria într-o activitate concretă.', 'COMPLETED', '2026-05-24 18:38:18', '2026-05-24 18:38:49'),
(416, 43, 65, 12, 'Pas 12: Validează Project Management', 'Finalizează un mini-livrabil care demonstrează competența Project Management pentru rolul „Information Technology Business Analyst”. Exemple: document de cerințe, checklist, mini-raport, test case, user story, query SQL, dashboard simplu sau alt livrabil relevant pentru skill. După finalizarea acestui pas, poți adăuga skillul în catalogul tău de competențe.', 'COMPLETED', '2026-05-24 18:38:18', '2026-05-24 18:38:50'),
(417, 44, NULL, 1, 'Pas 1: Înțelege Power Query', 'Începe cu fundamentele competenței Power Query pentru rolul „Technical Analyst – AI & Marketing Intelligence”. Clarifică ce înseamnă această competență în contextul jobului, ce activități implică și ce rezultate se așteaptă de la tine. Scopul acestui pas este să înțelegi conceptele de bază înainte de aplicare practică.', 'NOT_STARTED', '2026-05-24 18:43:32', '2026-05-24 18:43:32'),
(418, 44, NULL, 2, 'Pas 2: Exersează Power Query', 'Aplică Power Query pe un scenariu apropiat de rolul „Technical Analyst – AI & Marketing Intelligence”. Folosește cerințele din descrierea jobului pentru a construi un exercițiu practic: notează ce problemă trebuie rezolvată, ce informații sunt necesare și ce livrabil ar trebui produs. Acest pas transformă teoria într-o activitate concretă.', 'NOT_STARTED', '2026-05-24 18:43:32', '2026-05-24 18:43:32'),
(419, 44, 61, 3, 'Pas 3: Validează Power Query', 'Finalizează un mini-livrabil care demonstrează competența Power Query pentru rolul „Technical Analyst – AI & Marketing Intelligence”. Exemple: document de cerințe, checklist, mini-raport, test case, user story, query SQL, dashboard simplu sau alt livrabil relevant pentru skill. După finalizarea acestui pas, poți adăuga skillul în catalogul tău de competențe.', 'NOT_STARTED', '2026-05-24 18:43:32', '2026-05-24 18:43:32'),
(420, 44, NULL, 4, 'Pas 4: Înțelege Data Modeling', 'Începe cu fundamentele competenței Data Modeling pentru rolul „Technical Analyst – AI & Marketing Intelligence”. Clarifică ce înseamnă această competență în contextul jobului, ce activități implică și ce rezultate se așteaptă de la tine. Scopul acestui pas este să înțelegi conceptele de bază înainte de aplicare practică.', 'NOT_STARTED', '2026-05-24 18:43:32', '2026-05-24 18:43:32'),
(421, 44, NULL, 5, 'Pas 5: Exersează Data Modeling', 'Aplică Data Modeling pe un scenariu apropiat de rolul „Technical Analyst – AI & Marketing Intelligence”. Folosește cerințele din descrierea jobului pentru a construi un exercițiu practic: notează ce problemă trebuie rezolvată, ce informații sunt necesare și ce livrabil ar trebui produs. Acest pas transformă teoria într-o activitate concretă.', 'NOT_STARTED', '2026-05-24 18:43:32', '2026-05-24 18:43:32'),
(422, 44, 45, 6, 'Pas 6: Validează Data Modeling', 'Finalizează un mini-livrabil care demonstrează competența Data Modeling pentru rolul „Technical Analyst – AI & Marketing Intelligence”. Exemple: document de cerințe, checklist, mini-raport, test case, user story, query SQL, dashboard simplu sau alt livrabil relevant pentru skill. După finalizarea acestui pas, poți adăuga skillul în catalogul tău de competențe.', 'NOT_STARTED', '2026-05-24 18:43:32', '2026-05-24 18:43:32'),
(423, 44, NULL, 7, 'Pas 7: Înțelege ETL', 'Începe cu fundamentele competenței ETL pentru rolul „Technical Analyst – AI & Marketing Intelligence”. Clarifică ce înseamnă această competență în contextul jobului, ce activități implică și ce rezultate se așteaptă de la tine. Scopul acestui pas este să înțelegi conceptele de bază înainte de aplicare practică.', 'NOT_STARTED', '2026-05-24 18:43:32', '2026-05-24 18:43:32'),
(424, 44, NULL, 8, 'Pas 8: Exersează ETL', 'Aplică ETL pe un scenariu apropiat de rolul „Technical Analyst – AI & Marketing Intelligence”. Folosește cerințele din descrierea jobului pentru a construi un exercițiu practic: notează ce problemă trebuie rezolvată, ce informații sunt necesare și ce livrabil ar trebui produs. Acest pas transformă teoria într-o activitate concretă.', 'NOT_STARTED', '2026-05-24 18:43:32', '2026-05-24 18:43:32'),
(425, 44, 43, 9, 'Pas 9: Validează ETL', 'Finalizează un mini-livrabil care demonstrează competența ETL pentru rolul „Technical Analyst – AI & Marketing Intelligence”. Exemple: document de cerințe, checklist, mini-raport, test case, user story, query SQL, dashboard simplu sau alt livrabil relevant pentru skill. După finalizarea acestui pas, poți adăuga skillul în catalogul tău de competențe.', 'NOT_STARTED', '2026-05-24 18:43:32', '2026-05-24 18:43:32'),
(426, 44, NULL, 10, 'Pas 10: Înțelege Large Language Models', 'Începe cu fundamentele competenței Large Language Models pentru rolul „Technical Analyst – AI & Marketing Intelligence”. Clarifică ce înseamnă această competență în contextul jobului, ce activități implică și ce rezultate se așteaptă de la tine. Scopul acestui pas este să înțelegi conceptele de bază înainte de aplicare practică.', 'NOT_STARTED', '2026-05-24 18:43:32', '2026-05-24 18:43:32'),
(427, 44, NULL, 11, 'Pas 11: Exersează Large Language Models', 'Aplică Large Language Models pe un scenariu apropiat de rolul „Technical Analyst – AI & Marketing Intelligence”. Folosește cerințele din descrierea jobului pentru a construi un exercițiu practic: notează ce problemă trebuie rezolvată, ce informații sunt necesare și ce livrabil ar trebui produs. Acest pas transformă teoria într-o activitate concretă.', 'NOT_STARTED', '2026-05-24 18:43:32', '2026-05-24 18:43:32'),
(428, 44, 25, 12, 'Pas 12: Validează Large Language Models', 'Finalizează un mini-livrabil care demonstrează competența Large Language Models pentru rolul „Technical Analyst – AI & Marketing Intelligence”. Exemple: document de cerințe, checklist, mini-raport, test case, user story, query SQL, dashboard simplu sau alt livrabil relevant pentru skill. După finalizarea acestui pas, poți adăuga skillul în catalogul tău de competențe.', 'NOT_STARTED', '2026-05-24 18:43:32', '2026-05-24 18:43:32'),
(429, 44, NULL, 13, 'Pas 13: Înțelege Python', 'Începe cu fundamentele competenței Python pentru rolul „Technical Analyst – AI & Marketing Intelligence”. Clarifică ce înseamnă această competență în contextul jobului, ce activități implică și ce rezultate se așteaptă de la tine. Scopul acestui pas este să înțelegi conceptele de bază înainte de aplicare practică.', 'COMPLETED', '2026-05-24 18:43:32', '2026-05-24 18:43:43'),
(430, 44, NULL, 14, 'Pas 14: Exersează Python', 'Aplică Python pe un scenariu apropiat de rolul „Technical Analyst – AI & Marketing Intelligence”. Folosește cerințele din descrierea jobului pentru a construi un exercițiu practic: notează ce problemă trebuie rezolvată, ce informații sunt necesare și ce livrabil ar trebui produs. Acest pas transformă teoria într-o activitate concretă.', 'COMPLETED', '2026-05-24 18:43:32', '2026-05-24 18:43:44'),
(431, 44, 5, 15, 'Pas 15: Validează Python', 'Finalizează un mini-livrabil care demonstrează competența Python pentru rolul „Technical Analyst – AI & Marketing Intelligence”. Exemple: document de cerințe, checklist, mini-raport, test case, user story, query SQL, dashboard simplu sau alt livrabil relevant pentru skill. După finalizarea acestui pas, poți adăuga skillul în catalogul tău de competențe.', 'COMPLETED', '2026-05-24 18:43:32', '2026-05-24 18:43:45'),
(432, 44, NULL, 16, 'Pas 16: Înțelege Tableau', 'Începe cu fundamentele competenței Tableau pentru rolul „Technical Analyst – AI & Marketing Intelligence”. Clarifică ce înseamnă această competență în contextul jobului, ce activități implică și ce rezultate se așteaptă de la tine. Scopul acestui pas este să înțelegi conceptele de bază înainte de aplicare practică.', 'COMPLETED', '2026-05-24 18:43:32', '2026-05-24 18:43:49'),
(433, 44, NULL, 17, 'Pas 17: Exersează Tableau', 'Aplică Tableau pe un scenariu apropiat de rolul „Technical Analyst – AI & Marketing Intelligence”. Folosește cerințele din descrierea jobului pentru a construi un exercițiu practic: notează ce problemă trebuie rezolvată, ce informații sunt necesare și ce livrabil ar trebui produs. Acest pas transformă teoria într-o activitate concretă.', 'COMPLETED', '2026-05-24 18:43:32', '2026-05-24 18:43:49'),
(434, 44, 8, 18, 'Pas 18: Validează Tableau', 'Finalizează un mini-livrabil care demonstrează competența Tableau pentru rolul „Technical Analyst – AI & Marketing Intelligence”. Exemple: document de cerințe, checklist, mini-raport, test case, user story, query SQL, dashboard simplu sau alt livrabil relevant pentru skill. După finalizarea acestui pas, poți adăuga skillul în catalogul tău de competențe.', 'COMPLETED', '2026-05-24 18:43:32', '2026-05-24 18:43:50'),
(435, 45, NULL, 1, 'Pas 1: Înțelege ETL', 'Începe cu fundamentele competenței ETL pentru rolul „IBM internship Data Engineer”. Clarifică ce înseamnă această competență în contextul jobului, ce activități implică și ce rezultate se așteaptă de la tine. Scopul acestui pas este să înțelegi conceptele de bază înainte de aplicare practică.', 'NOT_STARTED', '2026-05-24 20:16:06', '2026-05-24 20:17:48'),
(436, 45, NULL, 2, 'Pas 2: Exersează ETL', 'Aplică ETL pe un scenariu apropiat de rolul „IBM internship Data Engineer”. Folosește cerințele din descrierea jobului pentru a construi un exercițiu practic: notează ce problemă trebuie rezolvată, ce informații sunt necesare și ce livrabil ar trebui produs. Acest pas transformă teoria într-o activitate concretă.', 'NOT_STARTED', '2026-05-24 20:16:06', '2026-05-24 20:17:49'),
(437, 45, 43, 3, 'Pas 3: Validează ETL', 'Finalizează un mini-livrabil care demonstrează competența ETL pentru rolul „IBM internship Data Engineer”. Exemple: document de cerințe, checklist, mini-raport, test case, user story, query SQL, dashboard simplu sau alt livrabil relevant pentru skill. După finalizarea acestui pas, poți adăuga skillul în catalogul tău de competențe.', 'COMPLETED', '2026-05-24 20:16:06', '2026-05-24 20:16:14'),
(438, 45, NULL, 4, 'Pas 4: Înțelege CI/CD', 'Începe cu fundamentele competenței CI/CD pentru rolul „IBM internship Data Engineer”. Clarifică ce înseamnă această competență în contextul jobului, ce activități implică și ce rezultate se așteaptă de la tine. Scopul acestui pas este să înțelegi conceptele de bază înainte de aplicare practică.', 'NOT_STARTED', '2026-05-24 20:16:06', '2026-05-24 20:16:06'),
(439, 45, NULL, 5, 'Pas 5: Exersează CI/CD', 'Aplică CI/CD pe un scenariu apropiat de rolul „IBM internship Data Engineer”. Folosește cerințele din descrierea jobului pentru a construi un exercițiu practic: notează ce problemă trebuie rezolvată, ce informații sunt necesare și ce livrabil ar trebui produs. Acest pas transformă teoria într-o activitate concretă.', 'NOT_STARTED', '2026-05-24 20:16:06', '2026-05-24 20:16:06'),
(440, 45, 82, 6, 'Pas 6: Validează CI/CD', 'Finalizează un mini-livrabil care demonstrează competența CI/CD pentru rolul „IBM internship Data Engineer”. Exemple: document de cerințe, checklist, mini-raport, test case, user story, query SQL, dashboard simplu sau alt livrabil relevant pentru skill. După finalizarea acestui pas, poți adăuga skillul în catalogul tău de competențe.', 'NOT_STARTED', '2026-05-24 20:16:06', '2026-05-24 20:16:06'),
(441, 45, NULL, 7, 'Pas 7: Înțelege Pandas', 'Începe cu fundamentele competenței Pandas pentru rolul „IBM internship Data Engineer”. Clarifică ce înseamnă această competență în contextul jobului, ce activități implică și ce rezultate se așteaptă de la tine. Scopul acestui pas este să înțelegi conceptele de bază înainte de aplicare practică.', 'NOT_STARTED', '2026-05-24 20:16:06', '2026-05-24 20:16:06'),
(442, 45, NULL, 8, 'Pas 8: Exersează Pandas', 'Aplică Pandas pe un scenariu apropiat de rolul „IBM internship Data Engineer”. Folosește cerințele din descrierea jobului pentru a construi un exercițiu practic: notează ce problemă trebuie rezolvată, ce informații sunt necesare și ce livrabil ar trebui produs. Acest pas transformă teoria într-o activitate concretă.', 'NOT_STARTED', '2026-05-24 20:16:06', '2026-05-24 20:16:06'),
(443, 45, 19, 9, 'Pas 9: Validează Pandas', 'Finalizează un mini-livrabil care demonstrează competența Pandas pentru rolul „IBM internship Data Engineer”. Exemple: document de cerințe, checklist, mini-raport, test case, user story, query SQL, dashboard simplu sau alt livrabil relevant pentru skill. După finalizarea acestui pas, poți adăuga skillul în catalogul tău de competențe.', 'NOT_STARTED', '2026-05-24 20:16:06', '2026-05-24 20:16:06'),
(444, 45, NULL, 10, 'Pas 10: Înțelege PySpark', 'Începe cu fundamentele competenței PySpark pentru rolul „IBM internship Data Engineer”. Clarifică ce înseamnă această competență în contextul jobului, ce activități implică și ce rezultate se așteaptă de la tine. Scopul acestui pas este să înțelegi conceptele de bază înainte de aplicare practică.', 'COMPLETED', '2026-05-24 20:16:06', '2026-05-24 20:23:58'),
(445, 45, NULL, 11, 'Pas 11: Exersează PySpark', 'Aplică PySpark pe un scenariu apropiat de rolul „IBM internship Data Engineer”. Folosește cerințele din descrierea jobului pentru a construi un exercițiu practic: notează ce problemă trebuie rezolvată, ce informații sunt necesare și ce livrabil ar trebui produs. Acest pas transformă teoria într-o activitate concretă.', 'COMPLETED', '2026-05-24 20:16:06', '2026-05-24 20:23:59'),
(446, 45, 17, 12, 'Pas 12: Validează PySpark', 'Finalizează un mini-livrabil care demonstrează competența PySpark pentru rolul „IBM internship Data Engineer”. Exemple: document de cerințe, checklist, mini-raport, test case, user story, query SQL, dashboard simplu sau alt livrabil relevant pentru skill. După finalizarea acestui pas, poți adăuga skillul în catalogul tău de competențe.', 'COMPLETED', '2026-05-24 20:16:06', '2026-05-24 20:24:00'),
(447, 46, NULL, 1, 'Pas 1: Înțelege Microservices', 'Începe cu fundamentele competenței Microservices pentru rolul „Graduate software engineer”. Clarifică ce înseamnă această competență în contextul jobului, ce activități implică și ce rezultate se așteaptă de la tine. Scopul acestui pas este să înțelegi conceptele de bază înainte de aplicare practică.', 'COMPLETED', '2026-05-26 09:39:31', '2026-05-26 13:59:31'),
(448, 46, NULL, 2, 'Pas 2: Exersează Microservices', 'Aplică Microservices pe un scenariu apropiat de rolul „Graduate software engineer”. Folosește cerințele din descrierea jobului pentru a construi un exercițiu practic: notează ce problemă trebuie rezolvată, ce informații sunt necesare și ce livrabil ar trebui produs. Acest pas transformă teoria într-o activitate concretă.', 'COMPLETED', '2026-05-26 09:39:31', '2026-05-26 13:59:32'),
(449, 46, 74, 3, 'Pas 3: Validează Microservices', 'Finalizează un mini-livrabil care demonstrează competența Microservices pentru rolul „Graduate software engineer”. Exemple: document de cerințe, checklist, mini-raport, test case, user story, query SQL, dashboard simplu sau alt livrabil relevant pentru skill. După finalizarea acestui pas, poți adăuga skillul în catalogul tău de competențe.', 'COMPLETED', '2026-05-26 09:39:31', '2026-05-26 13:59:35'),
(450, 46, NULL, 4, 'Pas 4: Înțelege Algorithms and Data Structures', 'Începe cu fundamentele competenței Algorithms and Data Structures pentru rolul „Graduate software engineer”. Clarifică ce înseamnă această competență în contextul jobului, ce activități implică și ce rezultate se așteaptă de la tine. Scopul acestui pas este să înțelegi conceptele de bază înainte de aplicare practică.', 'COMPLETED', '2026-05-26 09:39:31', '2026-05-26 09:39:39'),
(451, 46, NULL, 5, 'Pas 5: Exersează Algorithms and Data Structures', 'Aplică Algorithms and Data Structures pe un scenariu apropiat de rolul „Graduate software engineer”. Folosește cerințele din descrierea jobului pentru a construi un exercițiu practic: notează ce problemă trebuie rezolvată, ce informații sunt necesare și ce livrabil ar trebui produs. Acest pas transformă teoria într-o activitate concretă.', 'COMPLETED', '2026-05-26 09:39:31', '2026-05-26 09:39:40'),
(452, 46, 33, 6, 'Pas 6: Validează Algorithms and Data Structures', 'Finalizează un mini-livrabil care demonstrează competența Algorithms and Data Structures pentru rolul „Graduate software engineer”. Exemple: document de cerințe, checklist, mini-raport, test case, user story, query SQL, dashboard simplu sau alt livrabil relevant pentru skill. După finalizarea acestui pas, poți adăuga skillul în catalogul tău de competențe.', 'COMPLETED', '2026-05-26 09:39:31', '2026-05-26 09:39:42'),
(453, 46, NULL, 7, 'Pas 7: Înțelege Docker', 'Începe cu fundamentele competenței Docker pentru rolul „Graduate software engineer”. Clarifică ce înseamnă această competență în contextul jobului, ce activități implică și ce rezultate se așteaptă de la tine. Scopul acestui pas este să înțelegi conceptele de bază înainte de aplicare practică.', 'NOT_STARTED', '2026-05-26 09:39:31', '2026-05-26 09:39:31'),
(454, 46, NULL, 8, 'Pas 8: Exersează Docker', 'Aplică Docker pe un scenariu apropiat de rolul „Graduate software engineer”. Folosește cerințele din descrierea jobului pentru a construi un exercițiu practic: notează ce problemă trebuie rezolvată, ce informații sunt necesare și ce livrabil ar trebui produs. Acest pas transformă teoria într-o activitate concretă.', 'NOT_STARTED', '2026-05-26 09:39:31', '2026-05-26 09:39:31'),
(455, 46, 18, 9, 'Pas 9: Validează Docker', 'Finalizează un mini-livrabil care demonstrează competența Docker pentru rolul „Graduate software engineer”. Exemple: document de cerințe, checklist, mini-raport, test case, user story, query SQL, dashboard simplu sau alt livrabil relevant pentru skill. După finalizarea acestui pas, poți adăuga skillul în catalogul tău de competențe.', 'NOT_STARTED', '2026-05-26 09:39:31', '2026-05-26 09:39:31'),
(456, 47, NULL, 1, 'Pas 1: Consolidare profil profesional', 'Profilul tău acoperă skillurile detectate pentru rolul „Business Analyst - Medical Devices”. Revizuiește descrierea jobului, actualizează CV-ul și pregătește exemple concrete pentru interviu.', 'COMPLETED', '2026-05-26 12:46:18', '2026-05-26 12:46:28'),
(457, 47, NULL, 2, 'Pas 2: Pregătește exemple pentru interviu', 'Profilul tău acoperă skillurile detectate pentru rolul „Business Analyst - Medical Devices”. Pregătește 2-3 exemple concrete din experiența ta prin care poți demonstra competențele relevante: situație, acțiune, rezultat. Actualizează CV-ul și pregătește răspunsuri pentru întrebări legate de rol.', 'COMPLETED', '2026-05-26 12:46:18', '2026-05-26 12:46:29'),
(458, 48, NULL, 1, 'Pas 1: Înțelege Data Mining', 'Începe cu fundamentele competenței Data Mining pentru rolul „Working Student Data Scientist”. Clarifică ce înseamnă această competență în contextul jobului, ce activități implică și ce rezultate se așteaptă de la tine. Scopul acestui pas este să înțelegi conceptele de bază înainte de aplicare practică.', 'NOT_STARTED', '2026-06-03 11:49:20', '2026-06-03 11:49:20'),
(459, 48, NULL, 2, 'Pas 2: Exersează Data Mining', 'Aplică Data Mining pe un scenariu apropiat de rolul „Working Student Data Scientist”. Folosește cerințele din descrierea jobului pentru a construi un exercițiu practic: notează ce problemă trebuie rezolvată, ce informații sunt necesare și ce livrabil ar trebui produs. Acest pas transformă teoria într-o activitate concretă.', 'NOT_STARTED', '2026-06-03 11:49:20', '2026-06-03 11:49:20'),
(460, 48, 27, 3, 'Pas 3: Validează Data Mining', 'Finalizează un mini-livrabil care demonstrează competența Data Mining pentru rolul „Working Student Data Scientist”. Exemple: document de cerințe, checklist, mini-raport, test case, user story, query SQL, dashboard simplu sau alt livrabil relevant pentru skill. După finalizarea acestui pas, poți adăuga skillul în catalogul tău de competențe.', 'NOT_STARTED', '2026-06-03 11:49:20', '2026-06-03 11:49:20'),
(461, 48, NULL, 4, 'Pas 4: Înțelege Large Language Models', 'Începe cu fundamentele competenței Large Language Models pentru rolul „Working Student Data Scientist”. Clarifică ce înseamnă această competență în contextul jobului, ce activități implică și ce rezultate se așteaptă de la tine. Scopul acestui pas este să înțelegi conceptele de bază înainte de aplicare practică.', 'NOT_STARTED', '2026-06-03 11:49:20', '2026-06-03 11:49:20'),
(462, 48, NULL, 5, 'Pas 5: Exersează Large Language Models', 'Aplică Large Language Models pe un scenariu apropiat de rolul „Working Student Data Scientist”. Folosește cerințele din descrierea jobului pentru a construi un exercițiu practic: notează ce problemă trebuie rezolvată, ce informații sunt necesare și ce livrabil ar trebui produs. Acest pas transformă teoria într-o activitate concretă.', 'NOT_STARTED', '2026-06-03 11:49:20', '2026-06-03 11:49:20'),
(463, 48, 25, 6, 'Pas 6: Validează Large Language Models', 'Finalizează un mini-livrabil care demonstrează competența Large Language Models pentru rolul „Working Student Data Scientist”. Exemple: document de cerințe, checklist, mini-raport, test case, user story, query SQL, dashboard simplu sau alt livrabil relevant pentru skill. După finalizarea acestui pas, poți adăuga skillul în catalogul tău de competențe.', 'NOT_STARTED', '2026-06-03 11:49:20', '2026-06-03 11:49:20'),
(464, 48, NULL, 7, 'Pas 7: Înțelege Machine Learning', 'Începe cu fundamentele competenței Machine Learning pentru rolul „Working Student Data Scientist”. Clarifică ce înseamnă această competență în contextul jobului, ce activități implică și ce rezultate se așteaptă de la tine. Scopul acestui pas este să înțelegi conceptele de bază înainte de aplicare practică.', 'COMPLETED', '2026-06-03 11:49:20', '2026-06-03 11:49:54'),
(465, 48, NULL, 8, 'Pas 8: Exersează Machine Learning', 'Aplică Machine Learning pe un scenariu apropiat de rolul „Working Student Data Scientist”. Folosește cerințele din descrierea jobului pentru a construi un exercițiu practic: notează ce problemă trebuie rezolvată, ce informații sunt necesare și ce livrabil ar trebui produs. Acest pas transformă teoria într-o activitate concretă.', 'COMPLETED', '2026-06-03 11:49:20', '2026-06-03 11:49:57'),
(466, 48, 11, 9, 'Pas 9: Validează Machine Learning', 'Finalizează un mini-livrabil care demonstrează competența Machine Learning pentru rolul „Working Student Data Scientist”. Exemple: document de cerințe, checklist, mini-raport, test case, user story, query SQL, dashboard simplu sau alt livrabil relevant pentru skill. După finalizarea acestui pas, poți adăuga skillul în catalogul tău de competențe.', 'COMPLETED', '2026-06-03 11:49:20', '2026-06-03 11:49:59'),
(467, 48, NULL, 10, 'Pas 10: Înțelege Azure', 'Începe cu fundamentele competenței Azure pentru rolul „Working Student Data Scientist”. Clarifică ce înseamnă această competență în contextul jobului, ce activități implică și ce rezultate se așteaptă de la tine. Scopul acestui pas este să înțelegi conceptele de bază înainte de aplicare practică.', 'NOT_STARTED', '2026-06-03 11:49:20', '2026-06-03 11:49:20'),
(468, 48, NULL, 11, 'Pas 11: Exersează Azure', 'Aplică Azure pe un scenariu apropiat de rolul „Working Student Data Scientist”. Folosește cerințele din descrierea jobului pentru a construi un exercițiu practic: notează ce problemă trebuie rezolvată, ce informații sunt necesare și ce livrabil ar trebui produs. Acest pas transformă teoria într-o activitate concretă.', 'NOT_STARTED', '2026-06-03 11:49:20', '2026-06-03 11:49:20'),
(469, 48, 23, 12, 'Pas 12: Validează Azure', 'Finalizează un mini-livrabil care demonstrează competența Azure pentru rolul „Working Student Data Scientist”. Exemple: document de cerințe, checklist, mini-raport, test case, user story, query SQL, dashboard simplu sau alt livrabil relevant pentru skill. După finalizarea acestui pas, poți adăuga skillul în catalogul tău de competențe.', 'NOT_STARTED', '2026-06-03 11:49:20', '2026-06-03 11:49:20'),
(470, 48, NULL, 13, 'Pas 13: Înțelege Bitbucket', 'Începe cu fundamentele competenței Bitbucket pentru rolul „Working Student Data Scientist”. Clarifică ce înseamnă această competență în contextul jobului, ce activități implică și ce rezultate se așteaptă de la tine. Scopul acestui pas este să înțelegi conceptele de bază înainte de aplicare practică.', 'NOT_STARTED', '2026-06-03 11:49:20', '2026-06-03 11:49:20'),
(471, 48, NULL, 14, 'Pas 14: Exersează Bitbucket', 'Aplică Bitbucket pe un scenariu apropiat de rolul „Working Student Data Scientist”. Folosește cerințele din descrierea jobului pentru a construi un exercițiu practic: notează ce problemă trebuie rezolvată, ce informații sunt necesare și ce livrabil ar trebui produs. Acest pas transformă teoria într-o activitate concretă.', 'NOT_STARTED', '2026-06-03 11:49:20', '2026-06-03 11:49:20'),
(472, 48, 24, 15, 'Pas 15: Validează Bitbucket', 'Finalizează un mini-livrabil care demonstrează competența Bitbucket pentru rolul „Working Student Data Scientist”. Exemple: document de cerințe, checklist, mini-raport, test case, user story, query SQL, dashboard simplu sau alt livrabil relevant pentru skill. După finalizarea acestui pas, poți adăuga skillul în catalogul tău de competențe.', 'NOT_STARTED', '2026-06-03 11:49:20', '2026-06-03 11:49:20'),
(473, 48, NULL, 16, 'Pas 16: Înțelege Docker', 'Începe cu fundamentele competenței Docker pentru rolul „Working Student Data Scientist”. Clarifică ce înseamnă această competență în contextul jobului, ce activități implică și ce rezultate se așteaptă de la tine. Scopul acestui pas este să înțelegi conceptele de bază înainte de aplicare practică.', 'NOT_STARTED', '2026-06-03 11:49:20', '2026-06-03 11:49:20'),
(474, 48, NULL, 17, 'Pas 17: Exersează Docker', 'Aplică Docker pe un scenariu apropiat de rolul „Working Student Data Scientist”. Folosește cerințele din descrierea jobului pentru a construi un exercițiu practic: notează ce problemă trebuie rezolvată, ce informații sunt necesare și ce livrabil ar trebui produs. Acest pas transformă teoria într-o activitate concretă.', 'NOT_STARTED', '2026-06-03 11:49:20', '2026-06-03 11:49:20'),
(475, 48, 18, 18, 'Pas 18: Validează Docker', 'Finalizează un mini-livrabil care demonstrează competența Docker pentru rolul „Working Student Data Scientist”. Exemple: document de cerințe, checklist, mini-raport, test case, user story, query SQL, dashboard simplu sau alt livrabil relevant pentru skill. După finalizarea acestui pas, poți adăuga skillul în catalogul tău de competențe.', 'NOT_STARTED', '2026-06-03 11:49:20', '2026-06-03 11:49:20'),
(476, 48, NULL, 19, 'Pas 19: Înțelege Version Control', 'Începe cu fundamentele competenței Version Control pentru rolul „Working Student Data Scientist”. Clarifică ce înseamnă această competență în contextul jobului, ce activități implică și ce rezultate se așteaptă de la tine. Scopul acestui pas este să înțelegi conceptele de bază înainte de aplicare practică.', 'NOT_STARTED', '2026-06-03 11:49:20', '2026-06-03 11:49:20'),
(477, 48, NULL, 20, 'Pas 20: Exersează Version Control', 'Aplică Version Control pe un scenariu apropiat de rolul „Working Student Data Scientist”. Folosește cerințele din descrierea jobului pentru a construi un exercițiu practic: notează ce problemă trebuie rezolvată, ce informații sunt necesare și ce livrabil ar trebui produs. Acest pas transformă teoria într-o activitate concretă.', 'NOT_STARTED', '2026-06-03 11:49:20', '2026-06-03 11:49:20'),
(478, 48, 32, 21, 'Pas 21: Validează Version Control', 'Finalizează un mini-livrabil care demonstrează competența Version Control pentru rolul „Working Student Data Scientist”. Exemple: document de cerințe, checklist, mini-raport, test case, user story, query SQL, dashboard simplu sau alt livrabil relevant pentru skill. După finalizarea acestui pas, poți adăuga skillul în catalogul tău de competențe.', 'NOT_STARTED', '2026-06-03 11:49:20', '2026-06-03 11:49:20'),
(479, 48, NULL, 22, 'Pas 22: Înțelege Cloud Computing', 'Începe cu fundamentele competenței Cloud Computing pentru rolul „Working Student Data Scientist”. Clarifică ce înseamnă această competență în contextul jobului, ce activități implică și ce rezultate se așteaptă de la tine. Scopul acestui pas este să înțelegi conceptele de bază înainte de aplicare practică.', 'NOT_STARTED', '2026-06-03 11:49:20', '2026-06-03 11:49:20'),
(480, 48, NULL, 23, 'Pas 23: Exersează Cloud Computing', 'Aplică Cloud Computing pe un scenariu apropiat de rolul „Working Student Data Scientist”. Folosește cerințele din descrierea jobului pentru a construi un exercițiu practic: notează ce problemă trebuie rezolvată, ce informații sunt necesare și ce livrabil ar trebui produs. Acest pas transformă teoria într-o activitate concretă.', 'NOT_STARTED', '2026-06-03 11:49:20', '2026-06-03 11:49:20'),
(481, 48, 26, 24, 'Pas 24: Validează Cloud Computing', 'Finalizează un mini-livrabil care demonstrează competența Cloud Computing pentru rolul „Working Student Data Scientist”. Exemple: document de cerințe, checklist, mini-raport, test case, user story, query SQL, dashboard simplu sau alt livrabil relevant pentru skill. După finalizarea acestui pas, poți adăuga skillul în catalogul tău de competențe.', 'NOT_STARTED', '2026-06-03 11:49:20', '2026-06-03 11:49:20'),
(482, 48, NULL, 25, 'Pas 25: Înțelege NumPy', 'Începe cu fundamentele competenței NumPy pentru rolul „Working Student Data Scientist”. Clarifică ce înseamnă această competență în contextul jobului, ce activități implică și ce rezultate se așteaptă de la tine. Scopul acestui pas este să înțelegi conceptele de bază înainte de aplicare practică.', 'NOT_STARTED', '2026-06-03 11:49:20', '2026-06-03 11:49:20'),
(483, 48, NULL, 26, 'Pas 26: Exersează NumPy', 'Aplică NumPy pe un scenariu apropiat de rolul „Working Student Data Scientist”. Folosește cerințele din descrierea jobului pentru a construi un exercițiu practic: notează ce problemă trebuie rezolvată, ce informații sunt necesare și ce livrabil ar trebui produs. Acest pas transformă teoria într-o activitate concretă.', 'NOT_STARTED', '2026-06-03 11:49:20', '2026-06-03 11:49:20'),
(484, 48, 20, 27, 'Pas 27: Validează NumPy', 'Finalizează un mini-livrabil care demonstrează competența NumPy pentru rolul „Working Student Data Scientist”. Exemple: document de cerințe, checklist, mini-raport, test case, user story, query SQL, dashboard simplu sau alt livrabil relevant pentru skill. După finalizarea acestui pas, poți adăuga skillul în catalogul tău de competențe.', 'NOT_STARTED', '2026-06-03 11:49:20', '2026-06-03 11:49:20'),
(485, 48, NULL, 28, 'Pas 28: Înțelege Pandas', 'Începe cu fundamentele competenței Pandas pentru rolul „Working Student Data Scientist”. Clarifică ce înseamnă această competență în contextul jobului, ce activități implică și ce rezultate se așteaptă de la tine. Scopul acestui pas este să înțelegi conceptele de bază înainte de aplicare practică.', 'NOT_STARTED', '2026-06-03 11:49:20', '2026-06-03 11:49:20'),
(486, 48, NULL, 29, 'Pas 29: Exersează Pandas', 'Aplică Pandas pe un scenariu apropiat de rolul „Working Student Data Scientist”. Folosește cerințele din descrierea jobului pentru a construi un exercițiu practic: notează ce problemă trebuie rezolvată, ce informații sunt necesare și ce livrabil ar trebui produs. Acest pas transformă teoria într-o activitate concretă.', 'NOT_STARTED', '2026-06-03 11:49:20', '2026-06-03 11:49:20'),
(487, 48, 19, 30, 'Pas 30: Validează Pandas', 'Finalizează un mini-livrabil care demonstrează competența Pandas pentru rolul „Working Student Data Scientist”. Exemple: document de cerințe, checklist, mini-raport, test case, user story, query SQL, dashboard simplu sau alt livrabil relevant pentru skill. După finalizarea acestui pas, poți adăuga skillul în catalogul tău de competențe.', 'NOT_STARTED', '2026-06-03 11:49:20', '2026-06-03 11:49:20'),
(488, 48, NULL, 31, 'Pas 31: Înțelege PySpark', 'Începe cu fundamentele competenței PySpark pentru rolul „Working Student Data Scientist”. Clarifică ce înseamnă această competență în contextul jobului, ce activități implică și ce rezultate se așteaptă de la tine. Scopul acestui pas este să înțelegi conceptele de bază înainte de aplicare practică.', 'NOT_STARTED', '2026-06-03 11:49:20', '2026-06-03 11:49:20'),
(489, 48, NULL, 32, 'Pas 32: Exersează PySpark', 'Aplică PySpark pe un scenariu apropiat de rolul „Working Student Data Scientist”. Folosește cerințele din descrierea jobului pentru a construi un exercițiu practic: notează ce problemă trebuie rezolvată, ce informații sunt necesare și ce livrabil ar trebui produs. Acest pas transformă teoria într-o activitate concretă.', 'NOT_STARTED', '2026-06-03 11:49:20', '2026-06-03 11:49:20'),
(490, 48, 17, 33, 'Pas 33: Validează PySpark', 'Finalizează un mini-livrabil care demonstrează competența PySpark pentru rolul „Working Student Data Scientist”. Exemple: document de cerințe, checklist, mini-raport, test case, user story, query SQL, dashboard simplu sau alt livrabil relevant pentru skill. După finalizarea acestui pas, poți adăuga skillul în catalogul tău de competențe.', 'NOT_STARTED', '2026-06-03 11:49:20', '2026-06-03 11:49:20'),
(491, 48, NULL, 34, 'Pas 34: Înțelege Seaborn', 'Începe cu fundamentele competenței Seaborn pentru rolul „Working Student Data Scientist”. Clarifică ce înseamnă această competență în contextul jobului, ce activități implică și ce rezultate se așteaptă de la tine. Scopul acestui pas este să înțelegi conceptele de bază înainte de aplicare practică.', 'NOT_STARTED', '2026-06-03 11:49:20', '2026-06-03 11:49:20'),
(492, 48, NULL, 35, 'Pas 35: Exersează Seaborn', 'Aplică Seaborn pe un scenariu apropiat de rolul „Working Student Data Scientist”. Folosește cerințele din descrierea jobului pentru a construi un exercițiu practic: notează ce problemă trebuie rezolvată, ce informații sunt necesare și ce livrabil ar trebui produs. Acest pas transformă teoria într-o activitate concretă.', 'NOT_STARTED', '2026-06-03 11:49:20', '2026-06-03 11:49:20'),
(493, 48, 21, 36, 'Pas 36: Validează Seaborn', 'Finalizează un mini-livrabil care demonstrează competența Seaborn pentru rolul „Working Student Data Scientist”. Exemple: document de cerințe, checklist, mini-raport, test case, user story, query SQL, dashboard simplu sau alt livrabil relevant pentru skill. După finalizarea acestui pas, poți adăuga skillul în catalogul tău de competențe.', 'NOT_STARTED', '2026-06-03 11:49:20', '2026-06-03 11:49:20'),
(494, 48, NULL, 37, 'Pas 37: Înțelege Planning', 'Începe cu fundamentele competenței Planning pentru rolul „Working Student Data Scientist”. Clarifică ce înseamnă această competență în contextul jobului, ce activități implică și ce rezultate se așteaptă de la tine. Scopul acestui pas este să înțelegi conceptele de bază înainte de aplicare practică.', 'NOT_STARTED', '2026-06-03 11:49:20', '2026-06-03 11:49:20'),
(495, 48, NULL, 38, 'Pas 38: Exersează Planning', 'Aplică Planning pe un scenariu apropiat de rolul „Working Student Data Scientist”. Folosește cerințele din descrierea jobului pentru a construi un exercițiu practic: notează ce problemă trebuie rezolvată, ce informații sunt necesare și ce livrabil ar trebui produs. Acest pas transformă teoria într-o activitate concretă.', 'NOT_STARTED', '2026-06-03 11:49:20', '2026-06-03 11:49:20'),
(496, 48, 66, 39, 'Pas 39: Validează Planning', 'Finalizează un mini-livrabil care demonstrează competența Planning pentru rolul „Working Student Data Scientist”. Exemple: document de cerințe, checklist, mini-raport, test case, user story, query SQL, dashboard simplu sau alt livrabil relevant pentru skill. După finalizarea acestui pas, poți adăuga skillul în catalogul tău de competențe.', 'NOT_STARTED', '2026-06-03 11:49:20', '2026-06-03 11:49:20'),
(497, 49, NULL, 1, 'Pas 1: Înțelege Express', 'Începe cu fundamentele competenței Express pentru rolul „Junior Full Stack Developer”. Clarifică ce înseamnă această competență în contextul jobului, ce activități implică și ce rezultate se așteaptă de la tine. Scopul acestui pas este să înțelegi conceptele de bază înainte de aplicare practică.', 'COMPLETED', '2026-06-07 20:58:58', '2026-06-07 20:59:48'),
(498, 49, NULL, 2, 'Pas 2: Exersează Express', 'Aplică Express pe un scenariu apropiat de rolul „Junior Full Stack Developer”. Folosește cerințele din descrierea jobului pentru a construi un exercițiu practic: notează ce problemă trebuie rezolvată, ce informații sunt necesare și ce livrabil ar trebui produs. Acest pas transformă teoria într-o activitate concretă.', 'COMPLETED', '2026-06-07 20:58:58', '2026-06-07 20:59:49'),
(499, 49, 72, 3, 'Pas 3: Validează Express', 'Finalizează un mini-livrabil care demonstrează competența Express pentru rolul „Junior Full Stack Developer”. Exemple: document de cerințe, checklist, mini-raport, test case, user story, query SQL, dashboard simplu sau alt livrabil relevant pentru skill. După finalizarea acestui pas, poți adăuga skillul în catalogul tău de competențe.', 'COMPLETED', '2026-06-07 20:58:58', '2026-06-07 20:59:50'),
(500, 49, NULL, 4, 'Pas 4: Înțelege CSS', 'Începe cu fundamentele competenței CSS pentru rolul „Junior Full Stack Developer”. Clarifică ce înseamnă această competență în contextul jobului, ce activități implică și ce rezultate se așteaptă de la tine. Scopul acestui pas este să înțelegi conceptele de bază înainte de aplicare practică.', 'COMPLETED', '2026-06-07 20:58:58', '2026-06-07 21:26:01'),
(501, 49, NULL, 5, 'Pas 5: Exersează CSS', 'Aplică CSS pe un scenariu apropiat de rolul „Junior Full Stack Developer”. Folosește cerințele din descrierea jobului pentru a construi un exercițiu practic: notează ce problemă trebuie rezolvată, ce informații sunt necesare și ce livrabil ar trebui produs. Acest pas transformă teoria într-o activitate concretă.', 'COMPLETED', '2026-06-07 20:58:58', '2026-06-07 21:26:02'),
(502, 49, 15, 6, 'Pas 6: Validează CSS', 'Finalizează un mini-livrabil care demonstrează competența CSS pentru rolul „Junior Full Stack Developer”. Exemple: document de cerințe, checklist, mini-raport, test case, user story, query SQL, dashboard simplu sau alt livrabil relevant pentru skill. După finalizarea acestui pas, poți adăuga skillul în catalogul tău de competențe.', 'COMPLETED', '2026-06-07 20:58:58', '2026-06-07 21:26:04');
INSERT INTO `roadmap_steps` (`id`, `roadmap_id`, `skill_id`, `step_order`, `title`, `description`, `status`, `created_at`, `updated_at`) VALUES
(503, 49, NULL, 7, 'Pas 7: Înțelege HTML', 'Începe cu fundamentele competenței HTML pentru rolul „Junior Full Stack Developer”. Clarifică ce înseamnă această competență în contextul jobului, ce activități implică și ce rezultate se așteaptă de la tine. Scopul acestui pas este să înțelegi conceptele de bază înainte de aplicare practică.', 'NOT_STARTED', '2026-06-07 20:58:58', '2026-06-07 20:58:58'),
(504, 49, NULL, 8, 'Pas 8: Exersează HTML', 'Aplică HTML pe un scenariu apropiat de rolul „Junior Full Stack Developer”. Folosește cerințele din descrierea jobului pentru a construi un exercițiu practic: notează ce problemă trebuie rezolvată, ce informații sunt necesare și ce livrabil ar trebui produs. Acest pas transformă teoria într-o activitate concretă.', 'NOT_STARTED', '2026-06-07 20:58:58', '2026-06-07 20:58:58'),
(505, 49, 16, 9, 'Pas 9: Validează HTML', 'Finalizează un mini-livrabil care demonstrează competența HTML pentru rolul „Junior Full Stack Developer”. Exemple: document de cerințe, checklist, mini-raport, test case, user story, query SQL, dashboard simplu sau alt livrabil relevant pentru skill. După finalizarea acestui pas, poți adăuga skillul în catalogul tău de competențe.', 'COMPLETED', '2026-06-07 20:58:58', '2026-06-07 21:26:41'),
(506, 49, NULL, 10, 'Pas 10: Înțelege JavaScript', 'Începe cu fundamentele competenței JavaScript pentru rolul „Junior Full Stack Developer”. Clarifică ce înseamnă această competență în contextul jobului, ce activități implică și ce rezultate se așteaptă de la tine. Scopul acestui pas este să înțelegi conceptele de bază înainte de aplicare practică.', 'COMPLETED', '2026-06-07 20:58:58', '2026-06-07 21:26:37'),
(507, 49, NULL, 11, 'Pas 11: Exersează JavaScript', 'Aplică JavaScript pe un scenariu apropiat de rolul „Junior Full Stack Developer”. Folosește cerințele din descrierea jobului pentru a construi un exercițiu practic: notează ce problemă trebuie rezolvată, ce informații sunt necesare și ce livrabil ar trebui produs. Acest pas transformă teoria într-o activitate concretă.', 'COMPLETED', '2026-06-07 20:58:58', '2026-06-07 21:26:38'),
(508, 49, 1, 12, 'Pas 12: Validează JavaScript', 'Finalizează un mini-livrabil care demonstrează competența JavaScript pentru rolul „Junior Full Stack Developer”. Exemple: document de cerințe, checklist, mini-raport, test case, user story, query SQL, dashboard simplu sau alt livrabil relevant pentru skill. După finalizarea acestui pas, poți adăuga skillul în catalogul tău de competențe.', 'COMPLETED', '2026-06-07 20:58:58', '2026-06-07 21:26:07'),
(509, 49, NULL, 13, 'Pas 13: Înțelege REST APIs', 'Începe cu fundamentele competenței REST APIs pentru rolul „Junior Full Stack Developer”. Clarifică ce înseamnă această competență în contextul jobului, ce activități implică și ce rezultate se așteaptă de la tine. Scopul acestui pas este să înțelegi conceptele de bază înainte de aplicare practică.', 'COMPLETED', '2026-06-07 20:58:58', '2026-06-07 21:26:35'),
(510, 49, NULL, 14, 'Pas 14: Exersează REST APIs', 'Aplică REST APIs pe un scenariu apropiat de rolul „Junior Full Stack Developer”. Folosește cerințele din descrierea jobului pentru a construi un exercițiu practic: notează ce problemă trebuie rezolvată, ce informații sunt necesare și ce livrabil ar trebui produs. Acest pas transformă teoria într-o activitate concretă.', 'COMPLETED', '2026-06-07 20:58:58', '2026-06-07 21:26:11'),
(511, 49, 14, 15, 'Pas 15: Validează REST APIs', 'Finalizează un mini-livrabil care demonstrează competența REST APIs pentru rolul „Junior Full Stack Developer”. Exemple: document de cerințe, checklist, mini-raport, test case, user story, query SQL, dashboard simplu sau alt livrabil relevant pentru skill. După finalizarea acestui pas, poți adăuga skillul în catalogul tău de competențe.', 'COMPLETED', '2026-06-07 20:58:58', '2026-06-07 21:26:12'),
(512, 49, NULL, 16, 'Pas 16: Înțelege Docker', 'Începe cu fundamentele competenței Docker pentru rolul „Junior Full Stack Developer”. Clarifică ce înseamnă această competență în contextul jobului, ce activități implică și ce rezultate se așteaptă de la tine. Scopul acestui pas este să înțelegi conceptele de bază înainte de aplicare practică.', 'COMPLETED', '2026-06-07 20:58:58', '2026-06-07 21:26:34'),
(513, 49, NULL, 17, 'Pas 17: Exersează Docker', 'Aplică Docker pe un scenariu apropiat de rolul „Junior Full Stack Developer”. Folosește cerințele din descrierea jobului pentru a construi un exercițiu practic: notează ce problemă trebuie rezolvată, ce informații sunt necesare și ce livrabil ar trebui produs. Acest pas transformă teoria într-o activitate concretă.', 'COMPLETED', '2026-06-07 20:58:58', '2026-06-07 21:26:31'),
(514, 49, 18, 18, 'Pas 18: Validează Docker', 'Finalizează un mini-livrabil care demonstrează competența Docker pentru rolul „Junior Full Stack Developer”. Exemple: document de cerințe, checklist, mini-raport, test case, user story, query SQL, dashboard simplu sau alt livrabil relevant pentru skill. După finalizarea acestui pas, poți adăuga skillul în catalogul tău de competențe.', 'COMPLETED', '2026-06-07 20:58:58', '2026-06-07 21:26:32'),
(515, 49, NULL, 19, 'Pas 19: Înțelege TypeScript', 'Începe cu fundamentele competenței TypeScript pentru rolul „Junior Full Stack Developer”. Clarifică ce înseamnă această competență în contextul jobului, ce activități implică și ce rezultate se așteaptă de la tine. Scopul acestui pas este să înțelegi conceptele de bază înainte de aplicare practică.', 'COMPLETED', '2026-06-07 20:58:58', '2026-06-07 21:26:15'),
(516, 49, NULL, 20, 'Pas 20: Exersează TypeScript', 'Aplică TypeScript pe un scenariu apropiat de rolul „Junior Full Stack Developer”. Folosește cerințele din descrierea jobului pentru a construi un exercițiu practic: notează ce problemă trebuie rezolvată, ce informații sunt necesare și ce livrabil ar trebui produs. Acest pas transformă teoria într-o activitate concretă.', 'COMPLETED', '2026-06-07 20:58:58', '2026-06-07 21:26:20'),
(517, 49, 81, 21, 'Pas 21: Validează TypeScript', 'Finalizează un mini-livrabil care demonstrează competența TypeScript pentru rolul „Junior Full Stack Developer”. Exemple: document de cerințe, checklist, mini-raport, test case, user story, query SQL, dashboard simplu sau alt livrabil relevant pentru skill. După finalizarea acestui pas, poți adăuga skillul în catalogul tău de competențe.', 'COMPLETED', '2026-06-07 20:58:58', '2026-06-07 21:26:21'),
(518, 49, NULL, 22, 'Pas 22: Înțelege Agile', 'Începe cu fundamentele competenței Agile pentru rolul „Junior Full Stack Developer”. Clarifică ce înseamnă această competență în contextul jobului, ce activități implică și ce rezultate se așteaptă de la tine. Scopul acestui pas este să înțelegi conceptele de bază înainte de aplicare practică.', 'COMPLETED', '2026-06-07 20:58:58', '2026-06-07 21:26:17'),
(519, 49, NULL, 23, 'Pas 23: Exersează Agile', 'Aplică Agile pe un scenariu apropiat de rolul „Junior Full Stack Developer”. Folosește cerințele din descrierea jobului pentru a construi un exercițiu practic: notează ce problemă trebuie rezolvată, ce informații sunt necesare și ce livrabil ar trebui produs. Acest pas transformă teoria într-o activitate concretă.', 'COMPLETED', '2026-06-07 20:58:58', '2026-06-07 21:26:26'),
(520, 49, 64, 24, 'Pas 24: Validează Agile', 'Finalizează un mini-livrabil care demonstrează competența Agile pentru rolul „Junior Full Stack Developer”. Exemple: document de cerințe, checklist, mini-raport, test case, user story, query SQL, dashboard simplu sau alt livrabil relevant pentru skill. După finalizarea acestui pas, poți adăuga skillul în catalogul tău de competențe.', 'COMPLETED', '2026-06-07 20:58:58', '2026-06-07 21:26:27');

--
-- Dumping data for table `skills`
--

INSERT INTO `skills` (`id`, `name`, `category`, `weight`) VALUES
(1, 'JavaScript', 'Dev', 1.00),
(2, 'React', 'Dev', 1.00),
(3, 'Node.js', 'Dev', 1.00),
(4, 'SQL', 'Data', 1.00),
(5, 'Python', 'Data', 1.00),
(6, 'Excel', 'Data', 1.00),
(7, 'Power BI', 'Data', 1.00),
(8, 'Tableau', 'Data', 1.00),
(11, 'Machine Learning', 'Data', 1.00),
(12, 'Data Analysis', 'Data', 1.00),
(13, 'Git', 'DevOps', 1.00),
(14, 'REST APIs', 'Dev', 1.00),
(15, 'CSS', 'Dev', 1.00),
(16, 'HTML', 'Dev', 1.00),
(17, 'PySpark', 'ML', 1.00),
(18, 'Docker', 'DevOps', 1.00),
(19, 'Pandas', 'ML', 1.00),
(20, 'NumPy', 'ML', 1.00),
(21, 'Seaborn', 'ML', 1.00),
(22, 'MongoDB', 'Dev', 1.00),
(23, 'Azure', 'DevOps', 1.00),
(24, 'Bitbucket', 'DevOps', 1.00),
(25, 'Large Language Models', 'Data', 1.00),
(26, 'Cloud Computing', 'ML', 1.00),
(27, 'Data Mining', 'Data', 1.00),
(28, 'Statistical Analysis', 'Data', 1.00),
(29, 'Data Visualization', 'Data', 1.00),
(30, 'Artificial Intelligence', 'Data', 1.00),
(31, 'Data Preprocessing', 'Data', 1.00),
(32, 'Version Control', 'DevOps', 1.00),
(33, 'Algorithms and Data Structures', 'Dev', 1.00),
(34, 'Image Processing', 'ML', 1.00),
(35, 'AI/Machine Learning/Deep Learning', 'ML', 1.00),
(36, 'Object Oriented Programming', 'Dev', 1.00),
(37, 'Multi-threading and Parallel Programming', 'Dev', 1.00),
(38, 'Unity Development', 'Dev', 1.00),
(39, 'MySQL', 'Data', 1.00),
(40, 'Oracle', 'Data', 1.00),
(41, 'NoSQL', 'Dev', 1.00),
(42, 'PostgreSQL', 'Data', 1.00),
(43, 'ETL', 'Data', 1.00),
(44, 'Data Warehousing', 'Data', 1.00),
(45, 'Data Modeling', 'Data', 1.00),
(46, 'SSRS', 'Data', 1.00),
(47, 'Microsoft SQL Server', 'Data', 1.00),
(48, 'PowerShell', 'DevOps', 1.00),
(49, 'Bash', 'DevOps', 1.00),
(50, 'Communication', 'BUSINESS', 1.00),
(51, 'DAX', 'BI', 1.00),
(52, 'Reporting', 'BI', 1.00),
(53, 'KPI Analysis', 'BI', 1.00),
(54, 'Dashboard Design', 'BI', 1.00),
(55, 'Process Analysis', 'BUSINESS', 1.00),
(56, 'Stakeholder Management', 'BUSINESS', 1.00),
(57, 'Documentation', 'BUSINESS', 1.00),
(58, 'Requirements Gathering', 'BUSINESS', 1.00),
(59, 'Presentation Skills', 'BUSINESS', 1.00),
(60, 'Problem Solving', 'BUSINESS', 1.00),
(61, 'Power Query', 'BI', 1.00),
(62, 'Business Analysis', 'BUSINESS', 1.00),
(63, 'Jira', 'PM', 1.00),
(64, 'Agile', 'PM', 1.00),
(65, 'Project Management', 'PM', 1.00),
(66, 'Planning', 'PM', 1.00),
(67, 'Coordination', 'PM', 1.00),
(68, 'Risk Management', 'PM', 1.00),
(69, 'Scrum', 'PM', 1.00),
(70, 'Java', 'BACKEND', 1.00),
(71, 'Spring Boot', 'BACKEND', 1.00),
(72, 'Express', 'BACKEND', 1.00),
(73, 'API Design', 'BACKEND', 1.00),
(74, 'Microservices', 'BACKEND', 1.00),
(75, 'C#', 'BACKEND', 1.00),
(76, '.NET', 'BACKEND', 1.00),
(77, 'AWS', 'DEVOPS', 1.00),
(78, 'Postman', 'QA', 1.00),
(79, 'C++', 'Other', 1.00),
(80, 'Linux', 'DEVOPS', 1.00),
(81, 'TypeScript', 'FRONTEND', 1.00),
(82, 'CI/CD', 'DEVOPS', 1.00),
(83, 'Responsive Design', 'FRONTEND', 1.00),
(84, 'Redux', 'FRONTEND', 1.00),
(85, 'UI/UX', 'FRONTEND', 1.00),
(86, 'Angular', 'FRONTEND', 1.00),
(87, 'API Testing', 'QA', 1.00),
(88, 'Test Cases', 'QA', 1.00),
(89, 'Bug Reporting', 'QA', 1.00),
(90, 'Manual Testing', 'QA', 1.00),
(91, 'Automated Testing', 'QA', 1.00),
(92, 'Selenium', 'QA', 1.00),
(93, 'Performance Testing', 'QA', 1.00),
(94, 'Scikit-learn', 'AI_ML', 1.00),
(95, 'Model Evaluation', 'AI_ML', 1.00),
(96, 'NLP', 'AI_ML', 1.00),
(97, 'Embeddings', 'AI_ML', 1.00);

--
-- Dumping data for table `skill_aliases`
--

INSERT INTO `skill_aliases` (`id`, `skill_id`, `alias_text`) VALUES
(1, 1, 'javascript'),
(2, 1, 'js'),
(3, 2, 'react'),
(30, 2, 'react.js'),
(4, 2, 'reactjs'),
(7, 3, 'express'),
(35, 3, 'express.js'),
(5, 3, 'node'),
(33, 3, 'node.js'),
(6, 3, 'nodejs'),
(38, 4, 'database queries'),
(9, 4, 'queries'),
(8, 4, 'sql'),
(41, 5, 'automation'),
(10, 5, 'python'),
(11, 5, 'scripting'),
(12, 6, 'excel'),
(43, 6, 'microsoft excel'),
(13, 7, 'power bi'),
(45, 7, 'powerbi'),
(14, 8, 'tableau'),
(53, 11, 'machine learning'),
(54, 11, 'ml'),
(20, 12, 'analytics'),
(19, 12, 'data analysis'),
(57, 12, 'data cleaning'),
(21, 13, 'git'),
(22, 13, 'version control'),
(23, 14, 'api'),
(63, 14, 'apis'),
(24, 14, 'rest'),
(60, 14, 'rest api'),
(61, 14, 'rest apis'),
(25, 15, 'css'),
(65, 15, 'styling');

--
-- Dumping data for table `users`
--

INSERT INTO `users` (`id`, `name`, `email`, `password_hash`, `created_at`, `cluster_id`, `monthly_report_enabled`, `email_notifications_enabled`, `job_recommendations_enabled`, `email_verified`, `email_verification_token`, `email_verification_expires`, `password_reset_token`, `password_reset_expires`) VALUES
(1, 'Cristina', 'cris@test.com', '$2b$10$1XCv4iRNWVtT9VtIr0Rwj.6fDuq3PEDLIt3ECDd1t4kjq9uKRwQJK', '2026-03-17 19:32:18', NULL, 1, 0, 1, 0, NULL, NULL, NULL, NULL),
(3, 'Cristina Pop', 'pmarianasimona@yahoo.com', '$2b$12$X7qPGAVKaE/BSOGPw6c6WOdj2O4e3F.7S4dVPGme8AsTEupSLFeZC', '2026-05-21 21:10:21', NULL, 0, 0, 0, 0, 'dbe13f7a3afc3b14c469c86bed6e5667d1d405e2976d6ca187d8d2f32f273e2d', '2026-05-22 21:10:22', NULL, NULL),
(4, 'Cristina Pop', 'cristinapop809@gmail.com', '$2b$12$O0pyaQ4G2EtymOln25f0hOFIHCSBSEyX6mzsqmOvH1T2fBqDYTVPq', '2026-05-21 21:19:54', NULL, 0, 0, 0, 1, NULL, NULL, NULL, NULL),
(5, 'Student', 'cristina.maria.pop2@stud.ubbcluj.ro', '$2b$12$B8pI7sQHFqMRS1WIvG1X/.RHT7DYweqUAmiOm0FkD0iGu6QZaoUZu', '2026-06-07 13:30:00', NULL, 0, 0, 0, 1, NULL, NULL, NULL, NULL);

--
-- Dumping data for table `user_profiles`
--

INSERT INTO `user_profiles` (`user_id`, `full_name`, `email`, `headline`, `university`, `specialization`, `study_year`, `city`, `target_role`, `preferred_work_mode`, `about`, `updated_at`) VALUES
(1, 'Cristina', 'cris@test.com', 'Studenta', 'UBB', 'Informatică Economică', '3', 'Cluj-Napoca', 'BI Analyst', 'HYBRID', NULL, '2026-05-28 11:57:04'),
(3, 'Cristina Pop', 'pmarianasimona@yahoo.com', NULL, NULL, NULL, NULL, NULL, NULL, NULL, NULL, '2026-05-28 11:57:04'),
(4, 'Pop Cristina Maria', 'cristinapop809@gmail.com', 'Business Information Systems Graduate', 'UBB', 'Informatica Economică', 'Anul 3', 'Cluj-Napoca', 'Data Analyst', 'HYBRID', '...', '2026-05-21 18:36:33');

--
-- Dumping data for table `user_skills`
--

INSERT INTO `user_skills` (`user_id`, `skill_id`, `level`, `confidence`, `updated_at`) VALUES
(1, 1, 2, 3, '2026-03-31 14:17:47'),
(1, 2, 2, 3, '2026-05-19 10:35:25'),
(1, 3, 2, 3, '2026-05-19 10:35:25'),
(1, 4, 1, 3, '2026-03-31 14:24:30'),
(1, 5, 2, 3, '2026-03-31 14:17:47'),
(1, 6, 2, 3, '2026-03-31 14:17:47'),
(1, 7, 2, 3, '2026-03-31 14:17:47'),
(1, 8, 2, 3, '2026-03-31 15:07:33'),
(1, 11, 2, 3, '2026-03-31 15:10:26'),
(1, 12, 2, 3, '2026-03-31 14:17:47'),
(1, 13, 2, 2, '2026-03-25 13:24:18'),
(1, 14, 2, 3, '2026-05-19 10:35:25'),
(1, 16, 1, 3, '2026-03-25 13:30:30'),
(1, 18, 2, 3, '2026-05-19 10:35:25'),
(1, 19, 2, 3, '2026-03-31 15:17:49'),
(1, 20, 2, 3, '2026-03-31 19:17:34'),
(1, 22, 2, 2, '2026-03-25 13:24:18'),
(1, 23, 2, 3, '2026-04-12 15:27:21'),
(1, 26, 2, 3, '2026-04-12 15:27:37'),
(1, 27, 2, 3, '2026-04-12 16:45:27'),
(1, 28, 2, 3, '2026-05-19 10:35:25'),
(1, 29, 2, 3, '2026-03-31 18:39:12'),
(1, 30, 2, 3, '2026-03-31 14:17:47'),
(1, 31, 2, 3, '2026-03-31 19:17:22'),
(1, 36, 2, 3, '2026-03-25 13:26:36'),
(1, 39, 2, 3, '2026-04-03 16:14:50'),
(1, 40, 2, 3, '2026-03-31 14:17:47'),
(1, 41, 2, 2, '2026-03-25 13:24:21'),
(1, 42, 2, 3, '2026-04-03 15:31:02'),
(1, 43, 2, 3, '2026-03-31 19:03:39'),
(1, 44, 2, 3, '2026-03-31 19:00:58'),
(1, 45, 2, 3, '2026-03-31 19:03:55'),
(1, 47, 2, 3, '2026-04-01 10:22:08'),
(1, 50, 2, 3, '2026-05-19 10:35:25'),
(1, 52, 1, 3, '2026-05-19 10:55:09'),
(1, 61, 1, 3, '2026-05-18 00:14:09'),
(1, 62, 1, 3, '2026-05-19 10:34:16'),
(1, 65, 2, 3, '2026-05-19 10:35:25'),
(1, 67, 2, 3, '2026-05-19 10:35:25'),
(1, 70, 2, 3, '2026-05-19 10:35:25'),
(1, 72, 2, 3, '2026-05-19 10:35:25'),
(1, 75, 2, 3, '2026-05-19 10:35:25'),
(1, 76, 2, 3, '2026-05-19 10:35:25'),
(1, 85, 2, 3, '2026-05-19 10:35:25'),
(1, 94, 2, 3, '2026-05-19 10:35:25'),
(1, 97, 2, 3, '2026-05-19 10:34:53'),
(4, 1, 1, 3, '2026-06-08 00:26:08'),
(4, 3, 2, 3, '2026-05-24 21:32:45'),
(4, 4, 2, 3, '2026-05-24 21:32:45'),
(4, 5, 1, 3, '2026-05-24 21:43:46'),
(4, 6, 2, 3, '2026-05-24 21:32:45'),
(4, 7, 2, 3, '2026-05-24 21:32:45'),
(4, 8, 1, 3, '2026-05-24 21:43:51'),
(4, 11, 1, 3, '2026-06-03 14:50:01'),
(4, 12, 2, 3, '2026-05-24 21:32:45'),
(4, 13, 2, 3, '2026-05-24 21:32:45'),
(4, 14, 1, 3, '2026-06-08 00:26:13'),
(4, 15, 1, 3, '2026-06-08 00:26:05'),
(4, 16, 1, 3, '2026-06-08 00:26:42'),
(4, 18, 1, 3, '2026-06-08 00:26:33'),
(4, 28, 2, 3, '2026-05-24 21:32:45'),
(4, 29, 2, 3, '2026-05-24 21:32:45'),
(4, 30, 2, 3, '2026-05-24 21:32:45'),
(4, 31, 2, 3, '2026-05-24 21:32:45'),
(4, 33, 1, 3, '2026-05-26 12:39:43'),
(4, 36, 1, 3, '2026-05-24 21:33:22'),
(4, 39, 2, 3, '2026-06-03 14:48:10'),
(4, 43, 1, 3, '2026-05-24 23:16:58'),
(4, 50, 1, 3, '2026-05-24 21:38:38'),
(4, 53, 2, 3, '2026-05-24 21:33:48'),
(4, 57, 1, 3, '2026-05-24 21:38:46'),
(4, 60, 3, 3, '2026-05-24 21:33:03'),
(4, 62, 1, 3, '2026-05-24 21:38:31'),
(4, 64, 1, 3, '2026-06-08 00:26:28'),
(4, 65, 1, 3, '2026-05-24 21:38:52'),
(4, 67, 3, 3, '2026-05-24 21:33:30'),
(4, 70, 2, 3, '2026-05-24 21:32:45'),
(4, 72, 1, 3, '2026-06-08 00:00:19'),
(4, 76, 1, 3, '2026-05-24 21:32:57'),
(4, 81, 1, 3, '2026-06-08 00:26:22');
COMMIT;

/*!40101 SET CHARACTER_SET_CLIENT=@OLD_CHARACTER_SET_CLIENT */;
/*!40101 SET CHARACTER_SET_RESULTS=@OLD_CHARACTER_SET_RESULTS */;
/*!40101 SET COLLATION_CONNECTION=@OLD_COLLATION_CONNECTION */;
